ts,ticker,title,yes_bid,yes_ask,liquidity,fee_type
2026-08-02T04:09:06+00:00,KXMVESPORTSMULTIGAMEEXTENDED-S2026FAADBCAF899-51426737D50,"yes America,yes Baltimore,yes Washington,yes St. Louis,yes Cleveland,yes Chicago",0.0,0.0,0.0000,
2026-08-02T04:09:06+00:00,KXMVESPORTSMULTIGAMEEXTENDED-S2026EDEC63EC0EA-3C4A62EDC8E,"yes Zack Wheeler: 7+,yes Gerrit Cole: 19+,yes Taj Bradley: 19+,yes George Kirby:",0.0,0.0,0.0000,
2026-08-02T04:09:06+00:00,KXMVESPORTSMULTIGAMEEXTENDED-S202691CC17C3DCE-354BE4334E9,"yes Arthur Gea,no Target Price: $63,388.84,yes Sam Ryan Ziegann",0.0,0.0,0.0000,
2026-08-02T04:09:06+00:00,KXMVESPORTSMULTIGAMEEXTENDED-S2026E93E0D244FC-F97121C3080,"yes Milwaukee wins by over 1.5 runs,yes Detroit wins by over 5.5 runs,no Over 4.",0.0,0.0,0.0000,
2026-08-02T04:09:06+00:00,KXMVESPORTSMULTIGAMEEXTENDED-S2026CEF51922438-050D116471F,"yes Over 2.5 runs scored,yes Over 3.5 runs scored,yes Over 3.5 runs scored,yes O",0.0,0.0,0.0000,
2026-08-02T04:09:06+00:00,KXMVESPORTSMULTIGAMEEXTENDED-S2026276275F1174-2029EF79139,"yes Philadelphia,yes Cleveland,yes Cincinnati,yes Milwaukee,yes Los Angeles D",0.0,0.0,0.0000,
2026-08-02T04:09:06+00:00,KXMVESPORTSMULTIGAMEEXTENDED-S2026FB78CF72789-AE0BEAB47E6,"yes Dallas,yes Golden State,yes Minnesota wins by over 6.5 points,yes Portland w",0.0,0.0,0.0000,
2026-08-02T04:09:06+00:00,KXMVECROSSCATEGORY-S202689E6E215D1C-2AAC6D22BE3,"no Over 12.5 runs scored,no Over 13.5 runs scored,no Over 13.5 runs scored,no Ov",0.0,0.0,0.0000,
2026-08-02T04:09:06+00:00,KXMVESPORTSMULTIGAMEEXTENDED-S2026646AD1A5836-75F03B81433,"yes Jeffrey John Wolf,yes Arthur Gea,yes Isaac Becroft,yes Petr Bar Biryukov,yes",0.0,0.0,0.0000,
2026-08-02T04:09:06+00:00,KXMVECROSSCATEGORY-S202652E7041CEB1-51DA60B3662,"yes Milwaukee wins by over 1.5 runs,yes Detroit wins by over 5.5 runs,no Over 5.",0.0,0.0,0.0000,
2026-08-02T04:09:06+00:00,KXMVESPORTSMULTIGAMEEXTENDED-S202632C29272F47-850A1B11721,"yes Burnley,yes Parma Calcio,yes Ajax,yes America",0.0,0.0,0.0000,
2026-08-02T04:09:06+00:00,KXMVECROSSCATEGORY-S2026D4CBCCDE132-B48FC711E71,"yes Lois Boisson,yes Jessica Bouzas Maneiro,yes Katie Boulter,yes Karolina Plisk",0.0,0.0,0.0000,
2026-08-02T04:09:06+00:00,KXMVESPORTSMULTIGAMEEXTENDED-S202688F895B1B28-DAB5EC5AD59,"yes Arthur Gea,yes Isaac Becroft,yes Petr Bar Biryukov,yes Atlante,yes Milwaukee",0.0,0.0,0.0000,
2026-08-02T04:09:06+00:00,KXMVESPORTSMULTIGAMEEXTENDED-S202665DE95316C2-8CC9B4644BD,"yes Matteo Berrettini,yes Nuno Borges,yes Christopher O'Connell,yes Martin Landa",0.0,0.0,0.0000,
2026-08-02T04:09:06+00:00,KXMVESPORTSMULTIGAMEEXTENDED-S20263BF76FB5B9F-B0F7959D8D6,"yes Qingdao West Coast FC,yes Aachen,yes Ratingen,yes America,yes Toluca,yes Cle",0.0,0.0,0.0000,
2026-08-02T04:09:06+00:00,KXMVESPORTSMULTIGAMEEXTENDED-S20261BCA199C813-CE7D4EC93F7,"yes Jeffrey John Wolf,yes Mirza Basic,yes Aziz Dougaz,yes Tommaso Compagnucci,ye",0.0,0.0,0.0000,
2026-08-02T04:09:06+00:00,KXMVESPORTSMULTIGAMEEXTENDED-S2026E6CA511C1E0-627F7578DCB,"yes Milwaukee wins by over 1.5 runs,yes Detroit wins by over 5.5 runs,yes Over 1",0.0,0.0,0.0000,
2026-08-02T04:09:06+00:00,KXMVESPORTSMULTIGAMEEXTENDED-S20263879A5CECF9-016F9F51D36,"yes Mirza Basic,yes Aziz Dougaz,yes Tommaso Compagnucci,yes Jan Choinski,yes S D",0.0,0.0,0.0000,
2026-08-02T04:09:06+00:00,KXMVESPORTSMULTIGAMEEXTENDED-S2026E93E0D244FC-A5784ECFCFA,"yes Milwaukee wins by over 1.5 runs,yes Detroit wins by over 6.5 runs,no Over 4.",0.0,0.0,0.0000,
2026-08-02T04:09:06+00:00,KXMVECROSSCATEGORY-S2026B54776B8CFC-881B16E3675,"yes Arthur Gea,yes Milwaukee,no Milwaukee wins by over 1.5 runs,no Over 4.5 runs",0.0,0.0,0.0000,
2026-08-02T04:09:06+00:00,KXMVECROSSCATEGORY-S2026CB21ADA04EC-D8EEC3B5372,"yes Over 2.5 goals scored,yes Over 161.5 points scored,yes Over 191.5 points sco",0.0,0.0,0.0000,
2026-08-02T04:09:06+00:00,KXMVESPORTSMULTIGAMEEXTENDED-S2026A001C9AA4E1-83D9366F897,"yes Milwaukee,yes Detroit,yes Atlanta,yes Toronto,yes Cleveland,yes Tampa Bay,ye",0.0,0.0,0.0000,
2026-08-02T04:09:06+00:00,KXMVESPORTSMULTIGAMEEXTENDED-S2026A28C1C89650-369DCD62086,"yes Kenta Miyoshi (b. 2004),yes Mirza Basic,yes Aziz Dougaz,yes Menelaos Efstath",0.0,0.0,0.0000,
2026-08-02T04:09:06+00:00,KXMVESPORTSMULTIGAMEEXTENDED-S20267F5F4F3801A-59B08703520,"yes Mirza Basic,yes Jan Choinski,yes Menelaos Efstathiou,yes S D Prajwal Dev,yes",0.0,0.0,0.0000,
2026-08-02T04:09:06+00:00,KXMVECROSSCATEGORY-S202625979524F68-96299B0909B,"yes Matteo Berrettini,yes Arthur Gea,yes Nuno Borges,yes Jaume Munar,yes Junchen",0.0,0.0,0.0000,
2026-08-02T04:09:06+00:00,KXMVECROSSCATEGORY-S202652E7041CEB1-5F43498CAD3,"yes Milwaukee wins by over 1.5 runs,no Detroit wins by over 5.5 runs,no Over 5.5",0.0,0.0,0.0000,
2026-08-02T04:09:06+00:00,KXMVECROSSCATEGORY-S20269C331DFF9B4-B1099F8F321,"yes Tampa Bay,yes Over 7.5 runs scored,yes Over 8.5 runs scored,yes Over 11.5 ru",0.0,0.0,0.0000,
2026-08-02T04:09:06+00:00,KXMVECROSSCATEGORY-S20261BDA1093797-40634564AF6,"yes Cameron Young,yes Michael Kim,yes Michael Thorbjornsen,yes Xander Schauffele",0.0,0.0,0.0000,
2026-08-02T04:09:06+00:00,KXMVESPORTSMULTIGAMEEXTENDED-S202632840D7D5F4-941F182E578,"yes Texas,yes Chicago C,yes Colorado",0.0,0.0,0.0000,
2026-08-02T04:09:06+00:00,KXMVESPORTSMULTIGAMEEXTENDED-S20268F79D3FF306-BAE7A02511D,"yes Jan Choinski,yes Matteo Berrettini,yes Nuno Borges,yes Jaume Munar,yes Adolf",0.0,0.0,0.0000,
2026-08-02T04:09:06+00:00,KXMVESPORTSMULTIGAMEEXTENDED-S202631FBF31C2AE-9E45641412A,"yes America,yes Milwaukee,yes Detroit,yes Over 5.5 runs scored,yes Over 4.5 runs",0.0,0.0,0.0000,
2026-08-02T04:09:06+00:00,KXMVESPORTSMULTIGAMEEXTENDED-S20260A5010EF8D3-CD108BE0E05,"yes Both Teams To Score,yes Over 0.5 goals scored,yes Over 4.5 goals scored",0.0,0.0,0.0000,
2026-08-02T04:09:06+00:00,KXMVESPORTSMULTIGAMEEXTENDED-S20267BD37B902AD-3B51F16D6C0,"yes Aachen,yes Inter Milano,yes Burnley,yes Sevilla,yes Feyenoord,yes Parma Calc",0.0,0.0,0.0000,
2026-08-02T04:09:06+00:00,KXMVECROSSCATEGORY-S2026E3C25A1F68C-71563BCEE87,"yes Aachen,yes Atlante,yes America,yes Philadelphia,yes Milwaukee,yes Dallas,yes",0.0,0.0,0.0000,
2026-08-02T04:09:06+00:00,KXMVESPORTSMULTIGAMEEXTENDED-S20267256212D1C0-03925BF65A4,"no Over 4.5 runs scored,no Over 13.5 runs scored,yes Tie",0.0,0.0,0.0000,
2026-08-02T04:09:06+00:00,KXMVESPORTSMULTIGAMEEXTENDED-S20263F7FD4BFBB3-F56AB9B11F7,"yes Bryce Harper: 1+,yes Vladimir Guerrero Jr.: 1+,yes Jonathan Aranda: 1+,yes M",0.0,0.242,0.0000,
2026-08-02T04:09:06+00:00,KXMVESPORTSMULTIGAMEEXTENDED-S2026A8516D32DDA-DB24D21BB78,"yes Denis Shapovalov,yes Baltimore,yes Atlanta",0.0,0.0,0.0000,
2026-08-02T04:09:06+00:00,KXMVESPORTSMULTIGAMEEXTENDED-S202602E99AE46C9-78F2A627F17,"yes New York Y,yes San Francisco,yes A's,yes Philadelphia,yes Atlanta,yes Milwau",0.0,0.0,0.0000,
2026-08-02T04:09:06+00:00,KXMVESPORTSMULTIGAMEEXTENDED-S2026B2FDD3186FF-E071D7D3E9E,"yes Milwaukee,yes Detroit,yes Over 4.5 runs scored,yes Over 4.5 runs scored,yes ",0.0,0.0,0.0000,
2026-08-02T04:09:06+00:00,KXMVECROSSCATEGORY-S2026D16585F7DF5-66E45FCA21B,"no Over 4.5 runs scored,no Over 11.5 runs scored,yes Over 6.5 runs scored,yes Ov",0.0,0.0,0.0000,
2026-08-02T04:09:06+00:00,KXMVESPORTSMULTIGAMEEXTENDED-S2026450BE97B592-5B82A76CB4D,"yes Philadelphia,yes Atlanta,yes St. Louis,yes Arizona,yes Chicago WS,yes Pittsb",0.0,0.0,0.0000,
2026-08-02T04:09:06+00:00,KXMVESPORTSMULTIGAMEEXTENDED-S202622C6B609FC1-4296E7EC4A8,"yes Mirza Basic,yes Jan Choinski,yes Menelaos Efstathiou,yes S D Prajwal Dev,yes",0.0,0.0,0.0000,
2026-08-02T04:09:06+00:00,KXMVESPORTSMULTIGAMEEXTENDED-S202665DA8933ED2-0014383A433,"yes Detroit,yes Over 2.5 runs scored,yes Over 2.5 runs scored,yes Over 2.5 runs ",0.0,0.0,0.0000,
2026-08-02T04:09:06+00:00,KXMVESPORTSMULTIGAMEEXTENDED-S2026EF7356908C1-C274192236E,"yes Atlante,yes Milwaukee,no Detroit wins by over 6.5 runs,yes Over 10.5 runs sc",0.0,0.0,0.0000,
2026-08-02T04:09:06+00:00,KXMVESPORTSMULTIGAMEEXTENDED-S2026C5604163022-43B8789AFF6,"yes Philadelphia,yes Atlanta,yes Arizona,yes Tampa Bay,yes Miami,yes Pittsburgh,",0.0,0.0,0.0000,
2026-08-02T04:09:06+00:00,KXMVESPORTSMULTIGAMEEXTENDED-S2026FF518299962-5E870B0F9A9,"yes Arthur Gea,yes Isaac Becroft,yes Atlante,yes Milwaukee,yes Detroit,yes Si Wo",0.0,0.0,0.0000,
2026-08-02T04:09:06+00:00,KXMVESPORTSMULTIGAMEEXTENDED-S202659B7034CE90-C798630F050,"yes Baltimore,yes Atlanta,yes St. Louis,yes Arizona,yes Miami,yes Seattle,yes Lo",0.0,0.0,0.0000,
2026-08-02T04:09:06+00:00,KXMVESPORTSMULTIGAMEEXTENDED-S202680B65E868D6-4AF3AF3327F,"yes Washington wins first 5 innings,yes Philadelphia wins by over 1.5 runs",0.0,0.0,0.0000,
2026-08-02T04:09:06+00:00,KXMVESPORTSMULTIGAMEEXTENDED-S2026ECDC46AC369-96BD2A9C97B,"no Philadelphia wins by over 3.5 runs,no Washington wins by over 3.5 runs,no St.",0.0,0.0,0.0000,
2026-08-02T04:09:06+00:00,KXMVECROSSCATEGORY-S2026847CEDB3C16-E9DF23E26F5,"yes Both Teams To Score,yes Atlante,yes America,yes Toluca",0.0,0.0,0.0000,
2026-08-02T04:09:06+00:00,KXMVECROSSCATEGORY-S2026BCB3E23B813-DD67D1E8EA8,"yes Alexander Binda,yes Tommaso Compagnucci,yes Yaroslav Demin,yes Alec Deckers,",0.0,0.0,0.0000,
2026-08-02T04:09:06+00:00,KXMVESPORTSMULTIGAMEEXTENDED-S2026A1532E225FB-B2F2EC4A4A7,"yes Jan Choinski,yes Arthur Gea,yes Isaac Becroft,yes Petr Bar Biryukov,yes Lia ",0.0,0.0,0.0000,
2026-08-02T04:09:06+00:00,KXMVESPORTSMULTIGAMEEXTENDED-S202632CA7EE51E3-8E2D8266E90,"yes Philadelphia,no Chicago WS wins by over 3.5 runs,yes Minnesota",0.0,1.0,0.0000,
2026-08-02T04:09:06+00:00,KXMVECROSSCATEGORY-S202682CDF98369E-64E1735DF5C,"yes Arthur Gea,yes Target Price: $1,875.61,yes Atlante,yes Milwaukee,no Over 5.5",0.0,0.0,0.0000,
2026-08-02T04:09:06+00:00,KXMVECROSSCATEGORY-S2026ACB91BAD782-06176674682,"yes Jan Choinski,yes Arthur Gea,yes Ajax,yes Spirit,yes Petr Bar Biryukov,yes In",0.0,0.0,0.0000,
2026-08-02T04:09:06+00:00,KXMVESPORTSMULTIGAMEEXTENDED-S2026C5604163022-3C5575181E0,"yes Philadelphia,yes Atlanta,yes Arizona,yes Tampa Bay,yes Miami,yes Pittsburgh,",0.0,0.0,0.0000,
2026-08-02T04:09:06+00:00,KXMVECROSSCATEGORY-S2026E612EEE197D-467065685D6,"yes Cameron Young,yes Keegan Bradley,yes Chris Kirk",0.0,0.131,0.0000,
2026-08-02T04:09:06+00:00,KXMVESPORTSMULTIGAMEEXTENDED-S2026ADF6590A35F-CE338A93169,"yes Atlante,yes America,yes Toluca,yes Milwaukee,yes Detroit,yes Cleveland",0.0,0.0,0.0000,
2026-08-02T04:09:06+00:00,KXMVESPORTSMULTIGAMEEXTENDED-S20261B5E889CBD9-E90A29F8422,"no Over 6.5 runs in the first 5 innings,no Over 6.5 runs in the first 5 innings,",0.0,0.0,0.0000,
2026-08-02T04:09:06+00:00,KXMVECROSSCATEGORY-S2026E092110B04A-521574BA868,"yes Philadelphia,yes Atlanta,yes St. Louis,yes Arizona,yes Chicago WS,yes Cincin",0.0,0.0,0.0000,
2026-08-02T04:09:06+00:00,KXMVECROSSCATEGORY-S2026C506AEB7D79-3CC318753D6,"yes Philadelphia,yes Bryce Harper: 1+,yes Kyle Bradish: 4+,yes Zack Wheeler: 7+,",0.0,0.0,0.0000,
2026-08-02T04:09:06+00:00,KXMVESPORTSMULTIGAMEEXTENDED-S20264B5C2797018-20E38A9C69B,"no Over 9.5 runs scored,no Over 9.5 runs scored,no Over 10.5 runs scored,no Over",0.0,0.0,0.0000,
2026-08-02T04:09:06+00:00,KXMVESPORTSMULTIGAMEEXTENDED-S2026E41E50D3593-5A24C5C8FF9,"yes Milwaukee,yes Detroit,yes Philadelphia,yes Atlanta,yes Toronto,yes Tampa Bay",0.0,0.0,0.0000,
2026-08-02T04:09:06+00:00,KXMVESPORTSMULTIGAMEEXTENDED-S202666B1FB0DABC-F9D0EDB7D03,"yes Detroit,yes Tampa Bay,yes Milwaukee,yes Milwaukee wins by over 1.5 runs",0.0,0.0,0.0000,
2026-08-02T04:09:06+00:00,KXMVESPORTSMULTIGAMEEXTENDED-S2026015FCD14D28-DA277284904,"yes Arthur Gea,yes Target Price: $63,388.84,yes Spirit,yes Target Price: $1,875.",0.0,0.0,0.0000,
2026-08-02T04:09:06+00:00,KXMVESPORTSMULTIGAMEEXTENDED-S2026D9FBF350738-31DFC35318D,"yes Over 2.5 runs scored,yes Over 3.5 runs scored,yes Over 2.5 runs scored,yes O",0.0,0.0,0.0000,
2026-08-02T04:09:06+00:00,KXMVECROSSCATEGORY-S2026BDFDB7376C2-CDB1E72CD6F,"yes Matteo Berrettini,yes Arthur Gea,yes Nuno Borges,yes Jaume Munar,yes Junchen",0.0,0.0,0.0000,
2026-08-02T04:09:06+00:00,KXMVESPORTSMULTIGAMEEXTENDED-S2026E75C3B640A1-1224932E178,"yes Philadelphia,yes Tampa Bay,yes Houston,yes New York Y",0.0,0.0,0.0000,
2026-08-02T04:09:06+00:00,KXMVESPORTSMULTIGAMEEXTENDED-S2026C3FDA455EFA-0BD6FD89DBD,"yes Philadelphia,yes Atlanta,yes Toronto,yes Cleveland,yes Tampa Bay,yes Miami,y",0.0,0.0,0.0000,
2026-08-02T04:09:06+00:00,KXMVESPORTSMULTIGAMEEXTENDED-S2026156E3D93E73-DE8B88E5C11,"yes Team WE,yes OKSavingsBank BRION,yes Team Secret Whales,yes Invictus Gaming,y",0.0,0.0,0.0000,
2026-08-02T04:09:06+00:00,KXMVESPORTSMULTIGAMEEXTENDED-S2026E3BE296E3EE-89274D2C084,"yes Mirza Basic,yes Tommaso Compagnucci,yes Luca Castagnola,yes S D Prajwal Dev,",0.0,0.0,0.0000,
2026-08-02T04:09:06+00:00,KXMVECROSSCATEGORY-S2026B049AF79E85-625BD23524B,"yes Atlante,yes Toluca,yes America wins by more than 1.5 goals",0.0,0.0,0.0000,
2026-08-02T04:09:06+00:00,KXMVESPORTSMULTIGAMEEXTENDED-S202652B0F4A4392-4B6ED7A550E,"yes Jan Choinski,yes Menelaos Efstathiou,yes S D Prajwal Dev,yes Amit Vales,yes ",0.0,0.0,0.0000,
2026-08-02T04:09:06+00:00,KXMVESPORTSMULTIGAMEEXTENDED-S20267FAAF92D77D-2BECF64D512,"yes Radu Albot,yes Nitin Kumar Sinha,yes Digvijay Pratap Singh,yes Kenta Miyoshi",0.0,0.0,0.0000,
2026-08-02T04:09:06+00:00,KXMVESPORTSMULTIGAMEEXTENDED-S202635E74B3DB94-73A607161F7,"yes Burnley,yes Parma Calcio 1913 U20,yes Sevilla,yes Luton,yes Parma Calcio,yes",0.0,0.0,0.0000,
2026-08-02T04:09:06+00:00,KXMVESPORTSMULTIGAMEEXTENDED-S202685C8EE2A105-7802BB4C751,"yes Shanghai Shenhua,yes Sunderland,yes Ajax,yes Molde,yes Atlante,yes America,y",0.0,0.0,0.0000,
2026-08-02T04:09:06+00:00,KXMVESPORTSMULTIGAMEEXTENDED-S2026FC84845A947-B80F1C9EFAB,"yes Philadelphia,yes Washington,yes Toronto,yes Cleveland,yes Tampa Bay,yes Miam",0.0,0.0,0.0000,
2026-08-02T04:09:06+00:00,KXMVECROSSCATEGORY-S2026641CCE9F69D-261ED5A1323,"yes Philadelphia,yes Atlanta,yes St. Louis,yes Arizona,yes Chicago WS,yes Miami,",0.0,0.0,0.0000,
2026-08-02T04:09:06+00:00,KXMVECROSSCATEGORY-S20269921F02BF98-191306FAFB4,"yes Milwaukee,yes Detroit,yes Atlanta,yes Tampa Bay,yes Houston,no Over 4.5 runs",0.0,0.0,0.0000,
2026-08-02T04:09:06+00:00,KXMVESPORTSMULTIGAMEEXTENDED-S2026064616932C9-152347B348C,"yes Milwaukee wins by over 1.5 runs,yes Detroit wins by over 4.5 runs,no Over 5.",0.0,0.0,0.0000,
2026-08-02T04:09:06+00:00,KXMVESPORTSMULTIGAMEEXTENDED-S2026E83C2E5ADAB-54039DA3C08,"yes Jan Choinski,yes Nuno Borges,yes Yannick Hanfmann,yes Martin Landaluce,yes M",0.0,0.0,0.0000,
2026-08-02T04:09:06+00:00,KXMVESPORTSMULTIGAMEEXTENDED-S2026527E7C698AB-3E2EDB11BB0,"yes Denis Shapovalov,yes Baltimore",0.0,0.0,0.0000,
2026-08-02T04:09:06+00:00,KXMVESPORTSMULTIGAMEEXTENDED-S2026121B85D9A4C-37BDDFF670C,"yes Atlante,no Milwaukee wins by over 1.5 runs,yes Tie,yes Tie",0.0,0.0,0.0000,
2026-08-02T04:09:06+00:00,KXMVESPORTSMULTIGAMEEXTENDED-S202633E5213EF65-85D29CC2448,"yes Arthur Gea,yes Both Teams To Score,yes Atlante,yes Milwaukee,yes Detroit",0.0,0.0,0.0000,
2026-08-02T04:09:06+00:00,KXMVESPORTSMULTIGAMEEXTENDED-S2026159F35D466C-4FEDB4D21AA,"yes Philadelphia,yes St. Louis,no Cleveland wins by over 1.5 runs,no New York M ",0.0,0.0,0.0000,
2026-08-02T04:09:06+00:00,KXMVESPORTSMULTIGAMEEXTENDED-S202687B22606984-C961FAD035B,"yes Kyle Bradish: 3+,no Over 11.5 runs scored,no Over 10.5 runs scored,yes Over ",0.0,0.0,0.0000,
2026-08-02T04:09:06+00:00,KXMVECROSSCATEGORY-S20260C324D578A6-8D1D27932B9,"yes Alexander Binda,yes Tommaso Compagnucci,yes Yaroslav Demin,yes Alec Deckers,",0.0,0.0,0.0000,
2026-08-02T04:09:06+00:00,KXMVESPORTSMULTIGAMEEXTENDED-S20268BACA84C056-5E8857D25F9,"yes Arizona,yes Miami,yes Cincinnati,no New York Y wins by over 1.5 runs,yes Ove",0.0,1.0,0.0000,
2026-08-02T04:09:06+00:00,KXMVESPORTSMULTIGAMEEXTENDED-S2026752DDC2F33F-42370A881DF,"yes Shanghai Shenhua,yes Sunderland,yes Ajax,yes Molde,yes America,yes Toluca,ye",0.0,0.0,0.0000,
2026-08-02T04:09:06+00:00,KXMVECROSSCATEGORY-S2026992D75DCE3E-4390D111292,"yes Tie,yes Tie,yes Tie,yes Over 0.5 goals scored",0.0,0.0,0.0000,
2026-08-02T04:09:06+00:00,KXMVESPORTSMULTIGAMEEXTENDED-S2026B476AE311DA-F6630A5CFF7,"yes Jan Choinski,yes Menelaos Efstathiou,yes Amit Vales,yes Isaac Becroft,yes Pe",0.0,0.0,0.0000,
2026-08-02T04:09:06+00:00,KXMVECROSSCATEGORY-S20269B34FC3CF53-01553E61993,"yes Milwaukee,yes Detroit,yes Atlanta,yes Tampa Bay,no Over 4.5 runs scored",0.0,0.0,0.0000,
2026-08-02T04:09:06+00:00,KXMVESPORTSMULTIGAMEEXTENDED-S2026C47FF026B58-0D88C1D7C79,"yes Jeffrey John Wolf,yes Tommaso Compagnucci,yes Jan Choinski,yes Amit Vales,ye",0.0,0.0,0.0000,
2026-08-02T04:09:06+00:00,KXMVESPORTSMULTIGAMEEXTENDED-S2026D871A3774DD-0237A87701D,"no Alika Williams: 1+,no Jacob Wilson: 1+,yes Milwaukee wins by over 1.5 runs,ye",0.0,0.0,0.0000,
2026-08-02T04:09:06+00:00,KXMVECROSSCATEGORY-S202659DB2597121-FCD96FDFD89,"yes Philadelphia,yes Atlanta,yes Toronto,yes Cleveland,yes Cincinnati,yes Housto",0.0,0.0,0.0000,
2026-08-02T04:09:06+00:00,KXMVESPORTSMULTIGAMEEXTENDED-S2026FCBF5B209EC-5B9465A0189,"yes Spirit,yes Philadelphia,yes Minnesota,yes Los Angeles,yes Kaitlin Quevedo,ye",0.0,0.0,0.0000,
2026-08-02T04:09:06+00:00,KXMVESPORTSMULTIGAMEEXTENDED-S2026F7AC47A261E-221C81EB71F,"yes Milwaukee,yes Detroit,yes Philadelphia,yes Atlanta,yes Toronto,yes Cleveland",0.0,0.0,0.0000,
2026-08-02T04:09:06+00:00,KXMVESPORTSMULTIGAMEEXTENDED-S20263A81216ADEE-C0275A56CC7,"yes Philadelphia,yes Atlanta,yes St. Louis,yes Cleveland,yes Chicago WS,yes New ",0.0,0.001,0.0000,
2026-08-02T04:09:06+00:00,KXMVECROSSCATEGORY-S20265DB9CF543AF-E014051E62F,"no Over 10.5 runs scored,no Over 10.5 runs scored",0.0,0.0,0.0000,
2026-08-02T04:09:06+00:00,KXMVECROSSCATEGORY-S20268E17F8495E1-27BD1B89B09,"yes Alexander Binda,yes Tommaso Compagnucci,yes Yaroslav Demin,yes Alec Deckers,",0.0,0.0,0.0000,
2026-08-02T04:09:06+00:00,KXMVESPORTSMULTIGAMEEXTENDED-S20267A580CB1DDF-48C9B816CE3,"yes Milwaukee,yes Detroit,yes Baltimore,yes Over 3.5 runs scored",0.0,0.0,0.0000,
2026-08-02T04:09:06+00:00,KXMVECROSSCATEGORY-S202631C0F6507E7-2D528EBFB2B,"yes Toluca,yes America wins by more than 1.5 goals,yes Tampa Bay,yes Milwaukee w",0.0,0.143,0.0000,
2026-08-02T04:09:06+00:00,KXMVESPORTSMULTIGAMEEXTENDED-S202662BA5B80658-E7C1DC543C7,"yes Arizona,yes Tampa Bay,yes Cincinnati,yes Texas,yes New York Y,yes Colorado,y",0.0,0.0,0.0000,
2026-08-02T04:09:06+00:00,KXMVESPORTSMULTIGAMEEXTENDED-S2026C1FAF4AA1BC-B9D3F817C59,"no Gunnar Henderson: 1+,no Pete Alonso: 1+,no Bryce Harper: 1+,no Kyle Schwarber",0.0,0.0,0.0000,
2026-08-02T04:09:06+00:00,KXMVESPORTSMULTIGAMEEXTENDED-S202699D483CA993-AFA9BE5D9BE,"yes Atlante,yes America,yes Toluca,yes Milwaukee,yes Miami,yes Houston,yes Dalla",0.0,0.0,0.0000,
2026-08-02T04:09:06+00:00,KXMVESPORTSMULTIGAMEEXTENDED-S2026FC82610BFBD-900E576046B,"yes Milwaukee,yes Detroit,no Denzer Guzman: 2+,no Jo Adell: 1+,no Jose Siri: 2+,",0.0,0.0,0.0000,
2026-08-02T04:09:06+00:00,KXMVECROSSCATEGORY-S20267E90E290B8C-1D1CA970123,"no Over 13.5 runs scored,no Over 13.5 runs scored,no Over 12.5 runs scored,no Ov",0.0,0.0,0.0000,
2026-08-02T04:09:06+00:00,KXMVESPORTSMULTIGAMEEXTENDED-S20266646B21A57F-31F1986E263,"yes Cameron Young,yes Davis Riley,yes Michael Brennan,yes Rickie Fowler,yes Xand",0.0,0.0,0.0000,
2026-08-02T04:09:06+00:00,KXMVESPORTSMULTIGAMEEXTENDED-S2026B707C9B6041-A60B86990B2,"yes Atlante,yes Toluca,yes Tie,yes Portland",0.0,0.0,0.0000,
2026-08-02T04:09:06+00:00,KXMVECROSSCATEGORY-S2026CCAEB74A945-7D49F047790,"yes Tie,no Over 4.5 runs scored,no Over 11.5 runs scored,yes Over 0.5 goals scor",0.0,0.0,0.0000,
2026-08-02T04:09:06+00:00,KXMVESPORTSMULTIGAMEEXTENDED-S2026AAB81CE9DDA-47B93D3EE35,"yes Bryce Harper: 1+,yes Vladimir Guerrero Jr.: 1+,yes Jonathan Aranda: 1+,yes M",0.0,0.263,0.0000,
2026-08-02T04:09:06+00:00,KXMVESPORTSMULTIGAMEEXTENDED-S2026E2083A46058-55E3A85F5E6,"yes Over 4.5 runs scored,yes Over 10.5 runs scored,yes Over 7.5 runs scored,yes ",0.0,0.0,0.0000,
2026-08-02T04:09:06+00:00,KXMVECROSSCATEGORY-S2026E87632BB324-B86E5AB4A29,"yes Over 11.5 runs scored,no Minnesota wins by over 6.5 points",0.0,0.0,0.0000,
2026-08-02T04:09:06+00:00,KXMVESPORTSMULTIGAMEEXTENDED-S202614D661447A0-443F84B989B,"no Jacob Wilson: 1+,yes Milwaukee wins by over 1.5 runs,yes Detroit wins by over",0.0,0.0,0.0000,
2026-08-02T04:09:06+00:00,KXMVECROSSCATEGORY-S2026671E811BCE0-F86874BF0A5,"yes Alexander Binda,yes Yaroslav Demin,yes Alec Deckers,yes Daniel Siniakov,yes ",0.0,0.0,0.0000,
2026-08-02T04:09:06+00:00,KXMVESPORTSMULTIGAMEEXTENDED-S2026156E3D93E73-2448462059B,"yes Team WE,yes OKSavingsBank BRION,yes Team Secret Whales,yes Invictus Gaming,y",0.0,0.0,0.0000,
2026-08-02T04:09:06+00:00,KXMVECROSSCATEGORY-S2026C724DFB96B4-35A93EAAABB,"yes Milwaukee,yes Detroit,no Over 5.5 runs scored,no Over 13.5 runs scored,yes T",0.0,0.0,0.0000,
2026-08-02T04:09:06+00:00,KXMVESPORTSMULTIGAMEEXTENDED-S202646FF582C02A-504690C97A5,"yes Radu Albot,yes Nitin Kumar Sinha,yes Digvijay Pratap Singh,yes Kenta Miyoshi",0.0,0.0,0.0000,
2026-08-02T04:09:06+00:00,KXMVESPORTSMULTIGAMEEXTENDED-S2026C423049E19B-B0457FE9788,"yes Milwaukee,yes Detroit,yes Philadelphia,yes Milwaukee,yes Philadelphia,yes Ne",0.0,0.0,0.0000,
2026-08-02T04:09:06+00:00,KXMVESPORTSMULTIGAMEEXTENDED-S2026501C283828B-7344589EE5D,"yes Jan Choinski,yes Amit Vales,yes Isaac Becroft,yes Petr Bar Biryukov,yes Lia ",0.0,0.0,0.0000,
2026-08-02T04:09:06+00:00,KXMVESPORTSMULTIGAMEEXTENDED-S2026762BC214187-E6BBE59802A,"yes Over 2.5 runs scored,yes Over 2.5 runs scored,yes Over 2.5 runs scored,yes O",0.0,0.0,0.0000,
2026-08-02T04:09:06+00:00,KXMVESPORTSMULTIGAMEEXTENDED-S2026BC18D7F407D-D4C1F64F610,"yes Philadelphia,yes Atlanta,yes Arizona,yes Tampa Bay,yes Miami,yes Pittsburgh,",0.0,0.0,0.0000,
2026-08-02T04:09:06+00:00,KXMVESPORTSMULTIGAMEEXTENDED-S202657EF574F143-08B781D1136,"yes Over 4.5 runs scored,yes Over 4.5 runs scored,yes Over 4.5 runs scored,yes O",0.0,0.0,0.0000,
2026-08-02T04:09:06+00:00,KXMVECROSSCATEGORY-S2026A0A3E73B37E-CA972528230,"yes Texas,yes Kansas City,yes Seattle,yes Los Angeles D",0.0,0.0,0.0000,
2026-08-02T04:09:06+00:00,KXMVESPORTSMULTIGAMEEXTENDED-S2026F7AC47A261E-7D24A9036A9,"yes Milwaukee,yes Detroit,yes Philadelphia,yes Atlanta,yes Toronto,yes Arizona,y",0.0,0.0,0.0000,
2026-08-02T04:09:06+00:00,KXMVESPORTSMULTIGAMEEXTENDED-S2026D9A4358D05A-BD94B3CBBC7,"yes Philadelphia,yes St. Louis,yes Cleveland,yes Tampa Bay,yes Cincinnati",0.0,0.0,0.0000,
2026-08-02T04:09:06+00:00,KXMVESPORTSMULTIGAMEEXTENDED-S2026E645DE5DBA9-70EF295F3D8,"yes Bryce Harper: 1+,yes Trea Turner: 1+,yes Vladimir Guerrero Jr.: 1+,yes Zack ",0.0,0.0,0.0000,
2026-08-02T04:09:06+00:00,KXMVESPORTSMULTIGAMEEXTENDED-S20267078CA2AEB6-3F4ED92C8E2,"yes Over 2.5 runs scored,yes Over 3.5 runs scored,yes Over 3.5 runs scored,yes O",0.0,0.0,0.0000,
2026-08-02T04:09:06+00:00,KXMVESPORTSMULTIGAMEEXTENDED-S2026120B44D19BF-2367B7601DA,"yes Bryce Harper: 1+,yes Vladimir Guerrero Jr.: 1+,yes Jonathan Aranda: 1+,yes M",0.0,0.28,0.0000,
2026-08-02T04:09:06+00:00,KXMVESPORTSMULTIGAMEEXTENDED-S2026950FB15C53C-AD7425FA5E3,"yes Nitin Kumar Sinha,yes Digvijay Pratap Singh,yes Mirza Basic,yes Dali Blanch,",0.0,0.0,0.0000,
2026-08-02T04:09:06+00:00,KXMVECROSSCATEGORY-S2026E9907882CEB-C7402D61023,"yes Cincinnati,yes Colorado,yes Milwaukee",0.0,0.204,0.0000,
2026-08-02T04:09:06+00:00,KXMVECROSSCATEGORY-S20264596907141F-23C3B7E935E,"yes Matteo Berrettini,yes Arthur Gea,yes Nuno Borges,yes Jaume Munar,yes Junchen",0.0,0.0,0.0000,
2026-08-02T04:09:06+00:00,KXMVESPORTSMULTIGAMEEXTENDED-S20269453AF33BF3-7F119E067B6,"yes New York M,yes Houston,yes San Diego,yes Los Angeles D",0.0,1.0,0.0000,
2026-08-02T04:09:06+00:00,KXMVESPORTSMULTIGAMEEXTENDED-S20264C35BA8C121-99633747544,"yes Philadelphia,yes Atlanta,yes Toronto,yes Cleveland,yes Tampa Bay,yes Miami,y",0.0,0.0,0.0000,
2026-08-02T04:09:06+00:00,KXMVECROSSCATEGORY-S2026C354953188D-88C58908F65,"no Over 4.5 runs scored,no Over 11.5 runs scored,yes Over 12.5 runs scored,yes O",0.0,0.0,0.0000,
2026-08-02T04:09:06+00:00,KXMVESPORTSMULTIGAMEEXTENDED-S2026ABD53BE4FDF-6BF43035AFB,"yes Mirza Basic,yes Aziz Dougaz,yes Menelaos Efstathiou,yes S D Prajwal Dev,yes ",0.0,0.0,0.0000,
2026-08-02T04:09:06+00:00,KXMVESPORTSMULTIGAMEEXTENDED-S20263FD737083A4-E83C0A6F5FB,"yes SINNERS Esports,yes Spirit,yes Sashi Esport,yes Atlante,yes Dallas,yes Seatt",0.0,0.0,0.0000,
2026-08-02T04:09:06+00:00,KXMVESPORTSMULTIGAMEEXTENDED-S20267C7E97BD738-C0628B4EF3A,"yes Milwaukee,yes Detroit,yes Philadelphia wins by over 1.5 runs,yes Atlanta win",0.0,0.0,0.0000,
2026-08-02T04:09:06+00:00,KXMVESPORTSMULTIGAMEEXTENDED-S2026455807CF2E3-C6125D34132,"yes Houston,yes Dallas,yes Minnesota,yes Los Angeles,yes Golden State",0.0,1.0,0.0000,
2026-08-02T04:09:06+00:00,KXMVESPORTSMULTIGAMEEXTENDED-S20269D95579B1A0-50D73D660A3,"yes Gunnar Henderson: 1+,yes Pete Alonso: 1+,yes Bryce Harper: 1+,yes Kyle Schwa",0.0,0.0,0.0000,
2026-08-02T04:09:06+00:00,KXMVESPORTSMULTIGAMEEXTENDED-S20263809B482B1A-5B4582BBEFC,"yes Philadelphia,no Washington wins by over 3.5 runs,no Arizona wins by over 3.5",0.0,1.0,0.0000,
2026-08-02T04:09:06+00:00,KXMVESPORTSMULTIGAMEEXTENDED-S20262768EF8CC6A-03F335294A1,"yes Nitin Kumar Sinha,yes Kenta Miyoshi (b. 2004),yes Mirza Basic,yes Tommaso Co",0.0,0.0,0.0000,
2026-08-02T04:09:06+00:00,KXMVECROSSCATEGORY-S2026C32DBB0C6DC-BC96D2BC5CD,"yes New York M,yes New York Y",0.0,0.0,0.0000,
2026-08-02T04:09:06+00:00,KXMVESPORTSMULTIGAMEEXTENDED-S202619049E7F195-A19C7AD742F,"yes America,yes Baltimore,yes Washington,yes St. Louis,yes Cleveland,yes Chicago",0.0,0.0,0.0000,
2026-08-02T04:09:06+00:00,KXMVECROSSCATEGORY-S20266702F7F1241-6527AC95844,"yes Lois Boisson,yes Jessica Bouzas Maneiro,yes Katie Boulter,yes Kamilla Rakhim",0.0,0.0,0.0000,
2026-08-02T04:09:06+00:00,KXMVESPORTSMULTIGAMEEXTENDED-S202698AE2DA1708-A12EFA93745,"yes Over 7.5 runs scored,no Over 12.5 runs scored",0.0,0.0,0.0000,
2026-08-02T04:09:06+00:00,KXMVESPORTSMULTIGAMEEXTENDED-S2026AE98F749946-27DF0516CCF,"yes America,yes Dinamo Zagreb,yes Crvena Zvezda,yes Levski Sofia,yes Olympiacos,",0.0,0.0,0.0000,
2026-08-02T04:09:06+00:00,KXMVESPORTSMULTIGAMEEXTENDED-S2026BE67E4F503A-1B1E445D8D4,"yes Baltimore,yes Atlanta,yes St. Louis,yes Arizona,yes Miami,yes Los Angeles D",0.0,0.0,0.0000,
2026-08-02T04:09:06+00:00,KXMVESPORTSMULTIGAMEEXTENDED-S20268A334FC7A31-5641D4ECAF7,"yes Both Teams To Score,yes America,yes Toluca,yes Milwaukee,yes Detroit,yes Los",0.0,0.0,0.0000,
2026-08-02T04:09:06+00:00,KXMVESPORTSMULTIGAMEEXTENDED-S20262059D0DA719-751BFB38876,"yes Inter Milano,yes Burnley,yes Sevilla,yes Feyenoord,yes Parma Calcio,yes Sund",0.0,0.0,0.0000,
2026-08-02T04:09:06+00:00,KXMVESPORTSMULTIGAMEEXTENDED-S2026E0599643AF2-6C8B757CB73,"yes Milwaukee,yes Detroit,no Denzer Guzman: 2+,no Jo Adell: 1+,no Jose Siri: 2+,",0.0,0.0,0.0000,
2026-08-02T04:09:06+00:00,KXMVESPORTSMULTIGAMEEXTENDED-S2026C655A7A99E9-A00515F059D,"yes Philadelphia,yes Toronto,yes Cleveland,yes Miami,yes Texas,yes New York Y,ye",0.0,0.0,0.0000,
2026-08-02T04:09:06+00:00,KXMVESPORTSMULTIGAMEEXTENDED-S20261499A8902DE-941CC075FB9,"yes Ergi Kirkin,yes Jan Kumstat,yes Oskari Paldanius,yes Colin Sinclair,yes Marc",0.0,0.0,0.0000,
2026-08-02T04:09:06+00:00,KXMVECROSSCATEGORY-S2026E4FA0E89FBE-08FF13A81B6,"yes Aachen,yes America,yes Philadelphia,yes Milwaukee,yes Dallas,yes Golden Stat",0.0,0.0,0.0000,
2026-08-02T04:09:06+00:00,KXMVESPORTSMULTIGAMEEXTENDED-S20262324011ACA3-915EC20F0DA,"yes Philadelphia,yes Atlanta,yes St. Louis,yes Cleveland,yes Chicago WS,yes New ",0.0,0.0,0.0000,
2026-08-02T04:09:06+00:00,KXMVESPORTSMULTIGAMEEXTENDED-S20263AA387E59E5-3B70B96F019,"yes Atlanta,yes Toronto,yes Houston,yes Milwaukee,yes Detroit,yes San Diego",0.0,0.0,0.0000,
2026-08-02T04:09:06+00:00,KXMVESPORTSMULTIGAMEEXTENDED-S2026773C8E083F0-D6D8387209C,"yes Over 3.5 goals scored,yes Los Angeles G",0.0,0.0,0.0000,
2026-08-02T04:09:06+00:00,KXMVESPORTSMULTIGAMEEXTENDED-S20262F38E32AFDA-7BCA6CCDF75,"yes Philadelphia,yes Washington,yes Toronto,yes Cleveland,yes Bryce Harper: 1+,y",0.0,0.03,0.0000,
2026-08-02T04:09:06+00:00,KXMVESPORTSMULTIGAMEEXTENDED-S2026590F2B7F8F9-7150A2BF638,"yes Denis Shapovalov,yes Milwaukee,no Over 4.5 runs scored,no Over 10.5 runs sco",0.0,0.0,0.0000,
2026-08-02T04:09:06+00:00,KXMVESPORTSMULTIGAMEEXTENDED-S2026D39E0C57A1C-5AC0CCADCAE,"yes Radu Albot,yes Mirza Basic,yes Tommaso Compagnucci,yes Jan Choinski,yes Mene",0.0,0.0,0.0000,
2026-08-02T04:09:06+00:00,KXMVECROSSCATEGORY-S2026DE69751CFA7-E460CFE624D,"yes Toronto,yes Cleveland,yes Tampa Bay,yes Milwaukee,yes Detroit,yes Seattle,ye",0.0,0.0,0.0000,
2026-08-02T04:09:06+00:00,KXMVESPORTSMULTIGAMEEXTENDED-S2026075180DF6EE-689DC7DAD3D,"yes Detroit wins by over 5.5 runs,no Over 5.5 runs scored,no Over 13.5 runs scor",0.0,0.0,0.0000,
2026-08-02T04:09:06+00:00,KXMVECROSSCATEGORY-S2026582776F3B5B-7A22A9CF4B0,"yes Arthur Gea,yes Los Angeles A,yes Detroit wins by over 4.5 runs,yes Over 4.5 ",0.0,0.0,0.0000,
2026-08-02T04:09:06+00:00,KXMVESPORTSMULTIGAMEEXTENDED-S20263414D2857DE-6C17170C710,"yes Jaume Munar,yes Juncheng Shang,yes Houston,yes Los Angeles D,no Over 10.5 ru",0.0,0.0,0.0000,
2026-08-02T04:09:06+00:00,KXMVESPORTSMULTIGAMEEXTENDED-S2026EB0B679B4DE-219BF254046,"yes Aachen,yes Burnley,yes Sevilla,yes Ratingen,yes Sunderland,yes Ajax",0.0,0.0,0.0000,
2026-08-02T04:09:06+00:00,KXMVESPORTSMULTIGAMEEXTENDED-S2026D122647A46A-A47DFF9690F,"yes Mirza Basic,yes Aziz Dougaz,yes Tommaso Compagnucci,yes Jan Choinski,yes S D",0.0,0.0,0.0000,
2026-08-02T04:09:06+00:00,KXMVESPORTSMULTIGAMEEXTENDED-S202605BB28C6D6C-658A6D33485,"yes Aachen,yes Atalanta,yes Parma Calcio,yes Ajax",0.0,0.0,0.0000,
2026-08-02T04:09:06+00:00,KXMVESPORTSMULTIGAMEEXTENDED-S20266322D7B194F-D976944684C,"no Baltimore wins by over 1.5 runs,no Arizona wins by over 1.5 runs,no New York ",0.0,0.0,0.0000,
2026-08-02T04:09:06+00:00,KXMVESPORTSMULTIGAMEEXTENDED-S2026A36AA3AD932-2A6C403CB2E,"yes Arthur Gea,yes Rafael Jodar,yes Over 0.5 goals scored",0.0,0.0,0.0000,
2026-08-02T04:09:06+00:00,KXMVESPORTSMULTIGAMEEXTENDED-S202636E19E2D813-48D159873D6,"yes Arthur Gea,no Over 4.5 runs scored,no Over 11.5 runs scored",0.0,0.0,0.0000,
2026-08-02T04:09:06+00:00,KXMVESPORTSMULTIGAMEEXTENDED-S202622B74619FF3-D4BACA32D1A,"yes Philadelphia,yes New York M,no Washington wins by over 3.5 runs,no Arizona w",0.0,0.0,0.0000,
2026-08-02T04:09:06+00:00,KXMVECROSSCATEGORY-S2026CB8B6FBACF3-54B66443222,"yes Milwaukee,yes Detroit,yes McCartney Kessler,yes Jessica Pegula",0.0,0.0,0.0000,
2026-08-02T04:09:06+00:00,KXMVESPORTSMULTIGAMEEXTENDED-S202610899B4F105-86764D69C8C,"yes Philadelphia,yes Atlanta,yes Arizona,yes Tampa Bay,yes Miami,yes Pittsburgh,",0.0,0.0,0.0000,
2026-08-02T04:09:06+00:00,KXMVESPORTSMULTIGAMEEXTENDED-S2026198552E1F58-CC97C8C496A,"yes Jeffrey John Wolf,yes Arthur Gea,yes Target Price: $63,388.84,yes Target Pri",0.0,0.0,0.0000,
2026-08-02T04:09:06+00:00,KXMVESPORTSMULTIGAMEEXTENDED-S202613E44C5A87E-B22A88FCC22,"yes Over 6.5 runs scored,yes Over 4.5 runs scored,yes Over 6.5 runs scored,yes O",0.0,0.0,0.0000,
2026-08-02T04:09:06+00:00,KXMVECROSSCATEGORY-S2026A4A6F600A2C-28FAB3D342C,"yes Arthur Gea,no Milwaukee wins by over 1.5 runs,no Detroit wins by over 6.5 ru",0.0,0.0,0.0000,
2026-08-02T04:09:06+00:00,KXMVESPORTSMULTIGAMEEXTENDED-S20262A9E872C636-8D81C68D8FF,"yes Over 0.5 runs in the first 5 innings,yes Over 1.5 runs in the first 5 inning",0.0,0.0,0.0000,
2026-08-02T04:09:06+00:00,KXMVESPORTSMULTIGAMEEXTENDED-S2026B70AF2F5FE3-4BF57F802FF,"yes Jeffrey John Wolf,yes Mirza Basic,yes Aziz Dougaz,yes Tommaso Compagnucci,ye",0.0,0.0,0.0000,
2026-08-02T04:09:06+00:00,KXMVESPORTSMULTIGAMEEXTENDED-S2026A0FE64353AB-AE39E2586B1,"yes Atlanta,yes Detroit,yes Seattle,yes Boston,yes Over 4.5 runs scored,yes Over",0.0,0.0,0.0000,
2026-08-02T04:09:06+00:00,KXMVESPORTSMULTIGAMEEXTENDED-S202662BA5B80658-359EB556932,"yes Cleveland,yes Tampa Bay,yes Cincinnati,yes Texas,yes New York Y,yes Colorado",0.0,0.0,0.0000,
2026-08-02T04:09:06+00:00,KXMVECROSSCATEGORY-S2026F1311C831EA-C4A11CCFC28,"yes Shanghai Shenhua,yes Qingdao West Coast FC,yes Aachen,yes AEK Athens,yes Sev",0.0,0.0,0.0000,
2026-08-02T04:09:06+00:00,KXMVESPORTSMULTIGAMEEXTENDED-S2026F2C44C9C2F2-EC1311200E2,"yes Atlanta,yes New York M,yes Over 4.5 runs scored,yes Over 5.5 runs scored,yes",0.0,0.0,0.0000,
2026-08-02T04:09:06+00:00,KXMVECROSSCATEGORY-S2026EB01BB0255A-3B15E8F4221,"yes Atlante,yes America,yes Over 2.5 goals scored,yes Over 2.5 goals scored",0.0,0.0,0.0000,
2026-08-02T04:09:06+00:00,KXMVESPORTSMULTIGAMEEXTENDED-S202643A43C9B948-F2202503C03,"yes Both Teams To Score,yes Both Teams To Score,yes Tie,yes Over 1.5 goals score",0.0,0.0,0.0000,
2026-08-02T04:09:06+00:00,KXMVESPORTSMULTIGAMEEXTENDED-S2026D8F3AAB93DC-A9F2C85310B,"yes Atlanta,yes Toronto,yes Houston,yes Milwaukee,yes Detroit",0.0,0.0,0.0000,
2026-08-02T04:09:06+00:00,KXMVESPORTSMULTIGAMEEXTENDED-S2026752CC64D402-4AFE1046144,"yes Atlanta,yes Toronto,yes Arizona,yes Tampa Bay,yes Miami,yes Cincinnati,yes T",0.0,0.005,0.0000,
2026-08-02T04:09:06+00:00,KXMVESPORTSMULTIGAMEEXTENDED-S202694A62ECA5E3-69417231C04,"yes Inter Milano,yes Burnley,yes Feyenoord,yes Parma Calcio,yes Sunderland,yes A",0.0,0.0,0.0000,
2026-08-02T04:09:06+00:00,KXMVECROSSCATEGORY-S202645F2AA34079-B5CED747ED0,"yes Arthur Gea,yes Nuno Borges,yes Jaume Munar,yes Juncheng Shang,yes Christophe",0.0,0.0,0.0000,
2026-08-02T04:09:06+00:00,KXMVESPORTSMULTIGAMEEXTENDED-S2026079CB5ED4D9-A395495376F,"yes Target Price: $1,875.61,yes Milwaukee",0.0,0.0,0.0000,
2026-08-02T04:09:06+00:00,KXMVESPORTSMULTIGAMEEXTENDED-S202602310E92BF7-DF5DA0D5A17,"yes Philadelphia,yes San Diego,no Miami wins by over 1.5 runs",0.0,1.0,0.0000,
2026-08-02T04:09:06+00:00,KXMVECROSSCATEGORY-S2026246CF3A7F6C-53F117C58AC,"yes Arthur Gea,yes Detroit wins by over 4.5 runs,yes Over 4.5 runs scored,no Ove",0.0,0.0,0.0000,
2026-08-02T04:09:06+00:00,KXMVESPORTSMULTIGAMEEXTENDED-S2026E6F9E841D95-D2C103EDC19,"yes Aachen,yes AEK Athens,yes Ratingen,yes America,yes Toluca,yes Cleveland,yes ",0.0,0.0,0.0000,
2026-08-02T04:09:06+00:00,KXMVESPORTSMULTIGAMEEXTENDED-S20266649803D89C-13D82846904,"yes Washington,yes Cleveland,yes Cincinnati,yes New York Y,yes Kansas City,yes M",0.0,1.0,0.0000,
2026-08-02T04:09:06+00:00,KXMVECROSSCATEGORY-S2026E4F73339E7D-658FCC0CE97,"yes Detroit,yes Target Price: $73.1100,yes Target Price: $1.0763",0.0,0.0,0.0000,
2026-08-02T04:09:06+00:00,KXMVESPORTSMULTIGAMEEXTENDED-S20268D261672002-8E5B826947A,"no Toronto wins by over 2.5 runs,no Pittsburgh wins by over 2.5 runs,no Los Ange",0.0,0.0,0.0000,
2026-08-02T04:09:06+00:00,KXMVESPORTSMULTIGAMEEXTENDED-S2026543B5CB241D-E09E6C710BF,"yes Milwaukee,yes Detroit,yes Philadelphia,yes Atlanta,yes Houston,yes Colorado,",0.0,0.0,0.0000,
2026-08-02T04:09:06+00:00,KXMVESPORTSMULTIGAMEEXTENDED-S20262CBD386784A-FCCA540D0F3,"no Gunnar Henderson: 3+,no Jonathan Aranda: 3+,no Cal Raleigh: 3+,no Julio Rodrí",0.0,0.0,0.0000,
2026-08-02T04:09:06+00:00,KXMVESPORTSMULTIGAMEEXTENDED-S202622FD05DF08B-B85E583B9CE,"yes Zack Wheeler: 9+,yes Gerrit Cole: 5+",0.0,0.0,0.0000,
2026-08-02T04:09:06+00:00,KXMVESPORTSMULTIGAMEEXTENDED-S2026CBF04A28E41-3C290807CDE,"yes Philadelphia,yes Houston,yes Milwaukee,yes Seattle,yes Los Angeles D,no Toro",0.0,1.0,0.0000,
2026-08-02T04:09:06+00:00,KXMVESPORTSMULTIGAMEEXTENDED-S2026A0DAF2DD2B4-21B4E4EC362,"yes Philadelphia,yes St. Louis,no New York M wins by over 1.5 runs,yes Over 8.5 ",0.0,1.0,0.0000,
2026-08-02T04:09:06+00:00,KXMVESPORTSMULTIGAMEEXTENDED-S20264A3762EFCF9-9A00FF794F8,"yes Milwaukee wins by over 1.5 runs,no Detroit wins by over 5.5 runs,yes Over 11",0.0,0.0,0.0000,
2026-08-02T04:09:06+00:00,KXMVESPORTSMULTIGAMEEXTENDED-S2026DE4A978BB99-A28BC1CFF8C,"yes Milwaukee wins by over 1.5 runs,yes Detroit wins by over 5.5 runs,yes Over 1",0.0,0.0,0.0000,
2026-08-02T04:09:06+00:00,KXMVESPORTSMULTIGAMEEXTENDED-S20269BE1EDBBB49-85D7B249D1F,"no Gunnar Henderson: 3+,no Jonathan Aranda: 3+,no Julio Rodríguez: 3+,no Max Sch",0.0,0.0,0.0000,
2026-08-02T04:09:06+00:00,KXMVESPORTSMULTIGAMEEXTENDED-S2026676A639B922-212996BD828,"yes Jeffrey John Wolf,yes Mirza Basic,yes Aziz Dougaz,yes Tommaso Compagnucci,ye",0.0,0.0,0.0000,
2026-08-02T04:09:06+00:00,KXMVESPORTSMULTIGAMEEXTENDED-S20262172E33E221-25315151FFE,"yes Milwaukee,yes Detroit,yes Philadelphia,yes Tampa Bay,yes Miami,yes Cincinnat",0.0,0.0,0.0000,
2026-08-02T04:09:06+00:00,KXMVESPORTSMULTIGAMEEXTENDED-S2026D206996CCC3-EF19B3142AE,"yes Arthur Gea,yes Aleksandar Kovacevic,yes Rinky Hijikata,yes Adolfo Daniel Val",0.0,0.0,0.0000,
2026-08-02T04:09:06+00:00,KXMVESPORTSMULTIGAMEEXTENDED-S2026389BBA0D2EC-67CFC18235C,"yes Milwaukee,yes Detroit,yes Philadelphia,yes Milwaukee,yes Philadelphia,yes Ne",0.0,0.0,0.0000,
2026-08-02T04:09:06+00:00,KXMVESPORTSMULTIGAMEEXTENDED-S20267C7E97BD738-0262C0924D8,"yes Milwaukee,yes Detroit,yes Philadelphia wins by over 1.5 runs,no Atlanta wins",0.0,0.0,0.0000,
2026-08-02T04:09:06+00:00,KXMVESPORTSMULTIGAMEEXTENDED-S2026C86C8C27F86-77B80020467,"yes Over 2.5 runs scored,yes Over 2.5 runs scored,yes Over 2.5 runs scored,yes O",0.0,0.0,0.0000,
2026-08-02T04:09:06+00:00,KXMVESPORTSMULTIGAMEEXTENDED-S20262BA5487C402-310FB4E292E,"yes Gunnar Henderson: 1+,yes Pete Alonso: 1+,yes Bryce Harper: 1+,yes Kyle Schwa",0.0,0.0,0.0000,
2026-08-02T04:09:06+00:00,KXMVESPORTSMULTIGAMEEXTENDED-S2026673810BA537-BC1230337C6,"yes Baltimore,yes Atlanta,yes Toronto,yes Cleveland,yes Chicago WS,yes New York ",0.0,0.0,0.0000,
2026-08-02T04:09:06+00:00,KXMVECROSSCATEGORY-S2026DB8AC5A9CBB-2B9F6109AB8,"yes Philadelphia,yes Washington,yes Over 7.5 runs scored",0.0,0.0,0.0000,
2026-08-02T04:09:06+00:00,KXMVESPORTSMULTIGAMEEXTENDED-S2026376F9F4D6DA-FFD2D420F82,"yes Miami,yes Cincinnati,yes Houston,yes San Diego,yes Boston",0.0,0.0,0.0000,
2026-08-02T04:09:06+00:00,KXMVECROSSCATEGORY-S2026F70C84CC570-18D275CD41B,"yes Mika Petkovic,yes Tommaso Compagnucci,yes Matej Dodig,yes Marko ToPo,yes Thi",0.0,0.0,0.0000,
2026-08-02T04:09:06+00:00,KXMVESPORTSMULTIGAMEEXTENDED-S20269E143E74837-3D4CE4B74DA,"yes America,yes Baltimore,yes Washington,yes St. Louis,yes Cleveland,yes Chicago",0.0,0.0,0.0000,
2026-08-02T04:09:06+00:00,KXMVECROSSCATEGORY-S2026ABB069A49BC-55C08C99E6A,"no Cal Raleigh: 1+,yes Yes,no Milwaukee wins by over 1.5 runs",0.0,0.0,0.0000,
2026-08-02T04:09:06+00:00,KXMVESPORTSMULTIGAMEEXTENDED-S2026E4DFF597DE1-BD6FC074BE8,"yes Philadelphia,yes Washington,yes St. Louis,yes Cleveland,yes Chicago WS,yes N",0.0,0.0,0.0000,
2026-08-02T04:09:06+00:00,KXMVECROSSCATEGORY-S2026EFD29265AF9-20567D9D8F9,"yes Philadelphia,yes Detroit,yes Seattle",0.0,0.0,0.0000,
2026-08-02T04:09:06+00:00,KXMVESPORTSMULTIGAMEEXTENDED-S20264605A7B2777-F8DAFB08B19,"yes Atlanta,yes Toronto,yes Arizona,yes Tampa Bay,yes Miami,yes Cincinnati,yes T",0.0,0.0,0.0000,
2026-08-02T04:09:06+00:00,KXMVECROSSCATEGORY-S2026BA487F4D917-DE1FD1ED5FA,"yes Milwaukee,yes Detroit,yes Atlanta,yes Toronto,no Over 4.5 runs scored",0.0,0.0,0.0000,
2026-08-02T04:09:06+00:00,KXMVECROSSCATEGORY-S202606BA67E4BDE-660FF24FE54,"no Cal Raleigh: 1+,no Milwaukee wins by over 1.5 runs",0.0,0.0,0.0000,
2026-08-02T04:09:06+00:00,KXMVESPORTSMULTIGAMEEXTENDED-S202616629FD56C6-615C1369FEC,"yes Philadelphia,yes Atlanta,yes Arizona,yes Tampa Bay,yes Miami,yes Pittsburgh,",0.0,1.0,0.0000,
2026-08-02T04:09:06+00:00,KXMVESPORTSMULTIGAMEEXTENDED-S2026CEED81960CD-2C78DF0BB51,"yes Inter Milano,yes Burnley,yes Feyenoord,yes Parma Calcio,yes Sunderland",0.0,0.0,0.0000,
2026-08-02T04:09:06+00:00,KXMVESPORTSMULTIGAMEEXTENDED-S2026F8D99433D1A-7CD8E81D915,"yes Davis Riley,yes Michael Brennan,yes Rickie Fowler,yes Xander Schauffele",0.0,0.0,0.0000,
2026-08-02T04:09:06+00:00,KXMVECROSSCATEGORY-S202659DB2597121-2D38E5C09FE,"yes Philadelphia,yes Atlanta,yes Toronto,yes Cleveland,yes Cincinnati,yes Housto",0.0,0.0,0.0000,
2026-08-02T04:09:06+00:00,KXMVECROSSCATEGORY-S202633406AA24D4-C52DBBBDB35,"yes Cameron Young,yes Michael Kim,yes Michael Thorbjornsen",0.0,0.0,0.0000,
2026-08-02T04:09:06+00:00,KXMVESPORTSMULTIGAMEEXTENDED-S20265A25DDC48B7-395BDA067DC,"yes Milwaukee,yes Detroit,yes Atlanta,yes Toronto,yes Cleveland,yes Tampa Bay,ye",0.0,0.0,0.0000,
2026-08-02T04:09:06+00:00,KXMVESPORTSMULTIGAMEEXTENDED-S2026527D9EA8B5B-0F86CF44700,"yes Atlante,yes Milwaukee wins by over 1.5 runs,yes Detroit wins by over 5.5 run",0.0,0.0,0.0000,
2026-08-02T04:09:06+00:00,KXMVECROSSCATEGORY-S2026395CF5D769D-4A04D8EC4E5,"no Over 4.5 runs scored,no Over 11.5 runs scored,yes Over 7.5 runs scored,yes Ov",0.0,0.0,0.0000,
2026-08-02T04:09:06+00:00,KXMVESPORTSMULTIGAMEEXTENDED-S2026C7F200E82B0-FB5ECB5F3A9,"yes Spirit,yes Team Secret Whales,yes Invictus Gaming,yes G2 Esports,yes LYON,ye",0.0,0.0,0.0000,
2026-08-02T04:09:06+00:00,KXMVESPORTSMULTIGAMEEXTENDED-S2026CFA9A45C97F-0809DC704E4,"yes Nuno Borges,yes Yannick Hanfmann,yes Martin Landaluce,yes Marin Cilic,yes Lu",0.0,0.0,0.0000,
2026-08-02T04:09:06+00:00,KXMVECROSSCATEGORY-S202602537524DFC-70EA8728D96,"yes Jan Choinski,yes Luca Van Assche,yes Jessica Pegula,yes Yulia Putintseva,yes",0.0,0.0,0.0000,
2026-08-02T04:09:06+00:00,KXMVESPORTSMULTIGAMEEXTENDED-S20269070242795B-5D5276A262E,"yes San Francisco,yes A's,yes Philadelphia,yes Atlanta,yes Milwaukee,yes Texas,y",0.0,0.0,0.0000,
2026-08-02T04:09:06+00:00,KXMVESPORTSMULTIGAMEEXTENDED-S202618CD867E1E6-619FB1066F4,"no Baltimore wins by over 3.5 runs,no Pittsburgh wins by over 3.5 runs,no Over 1",0.0,0.666,0.0000,
2026-08-02T04:09:06+00:00,KXMVESPORTSMULTIGAMEEXTENDED-S2026A315AFA1895-95A21FA6C7C,"yes Philadelphia,yes Atlanta,yes St. Louis,yes Cleveland,yes Chicago WS,yes New ",0.0,0.0,0.0000,
2026-08-02T04:09:06+00:00,KXMVESPORTSMULTIGAMEEXTENDED-S20262D5A5E7FF16-B60E4EDF42D,"yes Aachen,yes Torino,yes Feyenoord,yes Parma Calcio,yes Ajax",0.0,0.0,0.0000,
2026-08-02T04:09:06+00:00,KXMVESPORTSMULTIGAMEEXTENDED-S202659F73299110-70EDEDD7E0D,"no Philadelphia wins by over 3.5 runs,no Los Angeles A wins by over 3.5 runs,no ",0.0,0.0,0.0000,
2026-08-02T04:09:06+00:00,KXMVESPORTSMULTIGAMEEXTENDED-S2026C2ED07A2C06-2FF893BC30E,"yes Milwaukee,yes Detroit,yes Philadelphia,yes Atlanta,yes Houston,yes Colorado,",0.0,0.0,0.0000,
2026-08-02T04:09:06+00:00,KXMVESPORTSMULTIGAMEEXTENDED-S20267619EDA967A-CE93FFB50DE,"yes Detroit,yes Milwaukee wins by over 1.5 runs,no Over 5.5 runs scored,no Over ",0.0,0.0,0.0000,
2026-08-02T04:09:06+00:00,KXMVESPORTSMULTIGAMEEXTENDED-S20264C1A8D6CB08-C1C65DC5BD0,"yes Jan Choinski,yes Ergi Kirkin,yes Amit Vales,yes Petr Bar Biryukov",0.0,0.0,0.0000,
2026-08-02T04:09:06+00:00,KXMVESPORTSMULTIGAMEEXTENDED-S202622FD05DF08B-B083C56519C,"yes Zack Wheeler: 9+,yes Gerrit Cole: 6+",0.0,0.0,0.0000,
2026-08-02T04:09:06+00:00,KXMVECROSSCATEGORY-S2026D7E7FA76080-EF430DEFFCB,"yes Target Price: $63,388.84,yes Detroit,yes Target Price: $73.1100,yes Target P",0.0,0.0,0.0000,
2026-08-02T04:09:06+00:00,KXMVESPORTSMULTIGAMEEXTENDED-S2026A62DFF77065-64ACA9D65EA,"yes Max Clark: 2+,yes Riley Greene: 1+",0.0,0.0,0.0000,
2026-08-02T04:09:06+00:00,KXMVESPORTSMULTIGAMEEXTENDED-S20268FFF2119A80-B7DADDBB6CD,"yes Milwaukee,yes Over 8.5 runs scored,yes Over 5.5 runs scored,yes Over 5.5 run",0.0,0.0,0.0000,
2026-08-02T04:09:06+00:00,KXMVESPORTSMULTIGAMEEXTENDED-S20264CB20F62986-52704140D2B,"yes Milwaukee,yes Detroit,yes Philadelphia,yes Washington,yes Toronto,yes Tampa ",0.0,1.0,0.0000,
2026-08-02T04:09:06+00:00,KXMVESPORTSMULTIGAMEEXTENDED-S2026C8726F84206-0EFBC400D6A,"yes America,yes Baltimore,yes Washington,yes St. Louis,yes Cleveland,yes Chicago",0.0,0.0,0.0000,
2026-08-02T04:09:06+00:00,KXMVESPORTSMULTIGAMEEXTENDED-S20267078CA2AEB6-95A544FD501,"yes Over 2.5 runs scored,yes Over 3.5 runs scored,yes Over 3.5 runs scored,yes O",0.0,0.0,0.0000,
2026-08-02T04:09:06+00:00,KXMVESPORTSMULTIGAMEEXTENDED-S2026F0FC66D537F-244E551C472,"yes Arthur Gea,yes Target Price: $63,388.84,yes Spirit,yes Milwaukee",0.0,0.0,0.0000,
2026-08-02T04:09:06+00:00,KXMVECROSSCATEGORY-S2026ADB99117D03-250BC1756BB,"yes Tie,no Over 4.5 runs scored,yes Over 0.5 goals scored,yes Over 3.5 goals sco",0.0,0.0,0.0000,
2026-08-02T04:09:06+00:00,KXMVECROSSCATEGORY-S2026CAFBF3B28BB-880C168423E,"yes Both Teams To Score,yes America,yes Milwaukee,yes Over 6.5 runs scored,yes O",0.0,0.0,0.0000,
2026-08-02T04:09:06+00:00,KXMVECROSSCATEGORY-S2026D2545B7B07E-B04E0F2993A,"no Over 12.5 runs scored,no Over 13.5 runs scored,no Over 13.5 runs scored,no Ov",0.0,0.0,0.0000,
2026-08-02T04:09:06+00:00,KXMVECROSSCATEGORY-S2026CBA9E1EA678-99174908FC7,"yes Atlante,yes Milwaukee,yes Detroit,no Over 5.5 runs scored,no Over 14.5 runs ",0.0,0.0,0.0000,
2026-08-02T04:09:06+00:00,KXMVESPORTSMULTIGAMEEXTENDED-S202683F1D145D66-2F6A2453688,"yes Milwaukee,yes Detroit,yes Philadelphia,yes Milwaukee,yes Philadelphia,yes Ne",0.0,0.0,0.0000,
2026-08-02T04:09:06+00:00,KXMVESPORTSMULTIGAMEEXTENDED-S202623567ACAE4E-F366FFD6530,"yes Matteo Berrettini,yes Alexis Galarneau,yes Rinky Hijikata,yes Yannick Hanfma",0.0,0.0,0.0000,
2026-08-02T04:09:06+00:00,KXMVESPORTSMULTIGAMEEXTENDED-S202608B16DBD50C-B1DF2E859B0,"yes Toronto,yes Milwaukee,yes San Francisco,yes Los Angeles D,yes Milwaukee wins",0.0,0.0,0.0000,
2026-08-02T04:09:06+00:00,KXMVESPORTSMULTIGAMEEXTENDED-S2026DE3895F642C-31E17C97A5A,"no Over 11.5 runs scored,no Over 10.5 runs scored",0.0,0.0,0.0000,
2026-08-02T04:09:06+00:00,KXMVESPORTSMULTIGAMEEXTENDED-S202639FEAEB8473-C5BC66C47CB,"yes Philadelphia,yes Atlanta,yes Toronto,yes Tampa Bay,yes New York Y,yes Seattl",0.0,0.0,0.0000,
2026-08-02T04:09:06+00:00,KXMVESPORTSMULTIGAMEEXTENDED-S2026FD798D28492-C79C0577D75,"yes Aachen,yes Luton,yes Parma Calcio,yes Ratingen,yes Ajax,yes America,yes Tolu",0.0,0.0,0.0000,
2026-08-02T04:09:06+00:00,KXMVESPORTSMULTIGAMEEXTENDED-S2026F622DC8E4F7-46D80EE0BBF,"yes Mirza Basic,yes Aziz Dougaz,yes Jan Choinski,yes S D Prajwal Dev,yes Amit Va",0.0,0.0,0.0000,
2026-08-02T04:09:06+00:00,KXMVESPORTSMULTIGAMEEXTENDED-S20269590F32E368-9793B2BDC84,"yes Jan Choinski,yes Arthur Gea,yes Milwaukee,yes Detroit,yes Kaitlin Quevedo,ye",0.0,0.0,0.0000,
2026-08-02T04:09:06+00:00,KXMVESPORTSMULTIGAMEEXTENDED-S202622B1EF76299-AFF0AC90FDA,"no Philadelphia wins by over 3.5 runs,no Washington wins by over 3.5 runs,no St.",0.0,0.0,0.0000,
2026-08-02T04:09:06+00:00,KXMVESPORTSMULTIGAMEEXTENDED-S202626A75E8D08E-7B9C191E082,"yes SINNERS Esports,yes Spirit,yes Sashi Esport,yes Dallas,yes Seattle",0.0,0.0,0.0000,
2026-08-02T04:09:06+00:00,KXMVESPORTSMULTIGAMEEXTENDED-S202672B6B82FB60-73D68F842D5,"yes Radu Albot,yes Mirza Basic,yes Tommaso Compagnucci,yes Jan Choinski,yes Mene",0.0,0.0,0.0000,
2026-08-02T04:09:06+00:00,KXMVESPORTSMULTIGAMEEXTENDED-S20261545E9AB0A4-59B782B945B,"yes Milwaukee,yes Detroit,yes Atlanta,yes Toronto,yes Cleveland,yes Tampa Bay,ye",0.0,0.0,0.0000,
2026-08-02T04:09:06+00:00,KXMVESPORTSMULTIGAMEEXTENDED-S2026E9774C410BD-9915995EEEF,"yes Philadelphia,yes Atlanta,yes Arizona,yes Tampa Bay,yes Miami,yes Pittsburgh,",0.0,0.0,0.0000,
2026-08-02T04:09:06+00:00,KXMVESPORTSMULTIGAMEEXTENDED-S2026ADAC1BAA445-E7BB87426A9,"yes Inter Milano,yes Burnley,yes Parma Calcio,yes Sunderland",0.0,0.0,0.0000,
2026-08-02T04:09:06+00:00,KXMVESPORTSMULTIGAMEEXTENDED-S2026581F8400A60-967DD854762,"yes Baltimore,yes Atlanta,yes Toronto,yes Cleveland,yes Chicago WS,yes New York ",0.0,0.0,0.0000,
2026-08-02T04:09:06+00:00,KXMVESPORTSMULTIGAMEEXTENDED-S2026673810BA537-F1979C7566A,"yes Philadelphia,yes Atlanta,yes St. Louis,yes Cleveland,yes Chicago WS,yes New ",0.0,0.0,0.0000,
2026-08-02T04:09:06+00:00,KXMVESPORTSMULTIGAMEEXTENDED-S20264ADD0521066-9F38981FC2C,"yes Digvijay Pratap Singh,yes Kenta Miyoshi (b. 2004),yes Mirza Basic,yes Aziz D",0.0,0.0,0.0000,
2026-08-02T04:09:06+00:00,KXMVESPORTSMULTIGAMEEXTENDED-S202647DECB410EA-6B41857A043,"yes Arthur Gea,yes Isaac Becroft,yes Petr Bar Biryukov,yes Lia Karatancheva,yes ",0.0,0.0,0.0000,
2026-08-02T04:09:06+00:00,KXMVECROSSCATEGORY-S202616406589863-0FDC35D1AFE,"yes Tampa Bay,yes Over 8.5 runs scored,yes Over 11.5 runs scored",0.0,0.142,0.0000,
2026-08-02T04:09:06+00:00,KXMVESPORTSMULTIGAMEEXTENDED-S2026BE98C0E2723-FAB705DCD40,"yes Jan Choinski,yes Matteo Berrettini,yes Nuno Borges,yes Jaume Munar,yes Petr ",0.0,0.0,0.0000,
2026-08-02T04:09:06+00:00,KXMVESPORTSMULTIGAMEEXTENDED-S202627B965AF3E8-355E02F6D12,"yes Arthur Gea,yes $63,400 or above,yes Isaac Becroft,no Over 4.5 runs scored",0.0,0.0,0.0000,
2026-08-02T04:09:06+00:00,KXMVESPORTSMULTIGAMEEXTENDED-S2026EB0C0F9D8D6-69E94CB6058,"yes Atlanta,yes Toronto,yes Arizona,yes Tampa Bay,yes Miami,yes Cincinnati,yes T",0.0,0.0,0.0000,
2026-08-02T04:09:06+00:00,KXMVESPORTSMULTIGAMEEXTENDED-S202657EF574F143-8FDDD6F6365,"yes Over 4.5 runs scored,yes Over 4.5 runs scored,yes Over 4.5 runs scored,yes O",0.0,0.0,0.0000,
2026-08-02T04:09:06+00:00,KXMVESPORTSMULTIGAMEEXTENDED-S2026A97C23D97F7-68B98720AD7,"yes Aachen,yes AEK Athens,yes Inter Milano,yes Parma Calcio 1913 U20,yes Sevilla",0.0,1.0,0.0000,
2026-08-02T04:09:06+00:00,KXMVESPORTSMULTIGAMEEXTENDED-S20266DAEDD85B0F-3C0D8EED19A,"yes Spirit,yes Over 2.5 runs scored,yes Over 3.5 runs scored,yes Over 3.5 runs s",0.0,0.0,0.0000,
2026-08-02T04:09:06+00:00,KXMVESPORTSMULTIGAMEEXTENDED-S202631984DC3FAA-577D79F1BF1,"yes Philadelphia,yes Atlanta,yes New York M,yes Over 4.5 runs scored,yes Over 5.",0.0,0.0,0.0000,
2026-08-02T04:09:06+00:00,KXMVESPORTSMULTIGAMEEXTENDED-S2026B821F728BBD-8CC815F991C,"yes Over 2.5 runs scored,yes Over 2.5 runs scored,yes Over 2.5 runs scored,yes O",0.0,0.0,0.0000,
2026-08-02T04:09:06+00:00,KXMVESPORTSMULTIGAMEEXTENDED-S20263D14D27D60A-EB2344FE036,"yes Atlante,yes Over 2.5 goals scored,yes Milwaukee wins by over 1.5 runs",0.0,1.0,0.0000,
2026-08-02T04:09:06+00:00,KXMVESPORTSMULTIGAMEEXTENDED-S20260B61EF6F00B-6E5C7940A97,"yes Philadelphia,yes Cleveland,yes New York Y,yes Milwaukee,yes A's,yes Los Ange",0.0,0.0,0.0000,
2026-08-02T04:09:06+00:00,KXMVESPORTSMULTIGAMEEXTENDED-S2026DA306AE04DA-5A03217BFB0,"yes Arthur Gea,yes Cruz Azul,yes Milwaukee,yes Detroit,yes Los Angeles G,yes Por",0.0,0.0,0.0000,
2026-08-02T04:09:06+00:00,KXMVESPORTSMULTIGAMEEXTENDED-S2026CDABEA6E1E0-6FB455DE5D8,"yes Detroit wins first 5 innings,yes Boston wins first 5 innings,yes Yes,yes Yes",0.0,0.051,0.0000,
2026-08-02T04:09:06+00:00,KXMVECROSSCATEGORY-S2026E9EBA58C9E3-8FB9478D78B,"yes Atlante,yes America,yes Toluca,yes Over 1.5 goals scored,yes Over 1.5 goals ",0.0,0.0,0.0000,
2026-08-02T04:09:06+00:00,KXMVECROSSCATEGORY-S2026D6C80574FB2-972D7704B09,"yes Kansas City,yes Seattle,yes Los Angeles D",0.0,0.0,0.0000,
2026-08-02T04:09:06+00:00,KXMVESPORTSMULTIGAMEEXTENDED-S2026A42A350905B-98749416849,"no Toronto wins by over 2.5 runs,no Pittsburgh wins by over 2.5 runs,no Los Ange",0.0,0.0,0.0000,
2026-08-02T04:09:06+00:00,KXMVECROSSCATEGORY-S20261A8A910ED8F-4943E040FCA,"yes Target Price: $63,388.84,yes Target Price: $1,875.61,yes Detroit,yes Target ",0.0,0.0,0.0000,
2026-08-02T04:09:06+00:00,KXMVESPORTSMULTIGAMEEXTENDED-S2026A38FE6AC4E3-2AB79C9CF51,"yes Detroit wins by over 5.5 runs,no Over 11.5 runs scored,no Over 10.5 runs sco",0.0,0.0,0.0000,
2026-08-02T04:09:06+00:00,KXMVESPORTSMULTIGAMEEXTENDED-S2026BD159AD2A8D-14CABDE2D4B,"yes Tampa Bay,yes Pittsburgh,yes Texas,yes New York Y,yes Colorado,yes Milwaukee",0.0,1.0,0.0000,
2026-08-02T04:09:06+00:00,KXMVESPORTSMULTIGAMEEXTENDED-S2026E2083A46058-50E3CEDF262,"yes Over 4.5 runs scored,yes Over 10.5 runs scored,yes Over 7.5 runs scored,yes ",0.0,0.0,0.0000,
2026-08-02T04:09:06+00:00,KXMVECROSSCATEGORY-S202686A7FDBCC59-D75A8620264,"yes Atlante,yes Milwaukee,yes Tie",0.0,0.0,0.0000,
2026-08-02T04:09:06+00:00,KXMVECROSSCATEGORY-S2026EFF2F979CAE-B7550390B12,"yes Milwaukee,yes Trea Turner: 1+,yes Vladimir Guerrero Jr.: 1+,yes Jonathan Ara",0.0,0.0,0.0000,
2026-08-02T04:09:06+00:00,KXMVESPORTSMULTIGAMEEXTENDED-S2026AFA262F30E5-AFCC77E7227,"yes Milwaukee,yes Detroit,yes Baltimore,yes Washington,yes St. Louis,yes Miami",0.0,0.0,0.0000,
2026-08-02T04:09:06+00:00,KXMVESPORTSMULTIGAMEEXTENDED-S20263716E514C00-A693918E86E,"yes Atlanta,yes Toronto,yes Arizona,yes Tampa Bay,yes Miami,yes Cincinnati,yes T",0.0,0.0,0.0000,
2026-08-02T04:09:06+00:00,KXMVESPORTSMULTIGAMEEXTENDED-S2026C370924671E-4B7EF714A71,"yes Milwaukee,yes Detroit,yes Philadelphia,yes Washington,yes Toronto,yes Tampa ",0.0,0.0,0.0000,
2026-08-02T04:09:06+00:00,KXMVECROSSCATEGORY-S20261543BBEE425-B79B70B04DC,"yes Tampa Bay,yes Miami,yes Milwaukee,yes Boston",0.0,0.085,0.0000,
2026-08-02T04:09:06+00:00,KXMVESPORTSMULTIGAMEEXTENDED-S2026F6BCC7CB38E-FAACA209913,"yes AEK Athens,yes Sevilla,yes Feyenoord,yes Parma Calcio,yes Ajax",0.0,0.0,0.0000,
2026-08-02T04:09:06+00:00,KXMVECROSSCATEGORY-S2026DDCB00DE66D-F00AE6A1EDE,"no Gunnar Henderson: 3+,no Pete Alonso: 3+,no Bryce Harper: 4+,no Kyle Schwarber",0.0,0.0,0.0000,
2026-08-02T04:09:06+00:00,KXMVESPORTSMULTIGAMEEXTENDED-S2026F83940D7772-1EEC18B5DE7,"yes Mirza Basic,yes Jan Choinski,yes S D Prajwal Dev,yes Amit Vales,yes Arthur G",0.0,0.0,0.0000,
2026-08-02T04:09:06+00:00,KXMVESPORTSMULTIGAMEEXTENDED-S20268C918245EAE-E52E4696E7E,"yes Detroit,yes San Diego,yes Los Angeles D,no Baltimore wins by over 3.5 runs,n",0.0,0.0,0.0000,
2026-08-02T04:09:06+00:00,KXMVESPORTSMULTIGAMEEXTENDED-S2026B655052A484-420FF2CAEBB,"no Over 9.5 runs scored,no Over 10.5 runs scored,no Over 9.5 runs scored,no Over",0.0,0.0,0.0000,
2026-08-02T04:09:06+00:00,KXMVESPORTSMULTIGAMEEXTENDED-S2026282C90AECFF-F621818625A,"yes Nitin Kumar Sinha,yes Digvijay Pratap Singh,yes Mirza Basic,yes Dali Blanch,",0.0,0.0,0.0000,
2026-08-02T04:09:06+00:00,KXMVESPORTSMULTIGAMEEXTENDED-S20265FDE9168EE2-152F36C3579,"yes Aachen,yes Ratingen,yes America,yes Toluca,yes Cleveland,yes Tampa Bay,yes C",0.0,0.0,0.0000,
2026-08-02T04:09:06+00:00,KXMVESPORTSMULTIGAMEEXTENDED-S2026364DBDBF248-CBEECFC339A,"yes Milwaukee,yes Detroit,yes Philadelphia,yes Milwaukee,yes Philadelphia,yes Ne",0.0,0.0,0.0000,
2026-08-02T04:09:06+00:00,KXMVECROSSCATEGORY-S2026B54776B8CFC-768DB92A5E6,"yes Arthur Gea,yes Milwaukee,no Milwaukee wins by over 1.5 runs,yes Over 4.5 run",0.0,0.0,0.0000,
2026-08-02T04:09:06+00:00,KXMVESPORTSMULTIGAMEEXTENDED-S2026D4EEBA20165-93EDE9666FC,"yes Baltimore,yes Atlanta,yes Toronto,yes Cleveland,yes Chicago WS,yes New York ",0.0,0.0,0.0000,
2026-08-02T04:09:06+00:00,KXMVESPORTSMULTIGAMEEXTENDED-S2026ACD7F5B50C6-B5605598171,"yes Milwaukee,yes Detroit,yes Atlanta,yes Toronto,yes Cleveland,yes Tampa Bay,ye",0.0,0.0,0.0000,
2026-08-02T04:09:06+00:00,KXMVESPORTSMULTIGAMEEXTENDED-S2026E93E0D244FC-10AB51434E2,"yes Milwaukee wins by over 1.5 runs,no Detroit wins by over 4.5 runs,no Over 4.5",0.0,0.0,0.0000,
2026-08-02T04:09:06+00:00,KXMVESPORTSMULTIGAMEEXTENDED-S2026E93E0D244FC-714F1B3D957,"no Milwaukee wins by over 1.5 runs,yes Detroit wins by over 5.5 runs,yes Over 4.",0.0,0.0,0.0000,
2026-08-02T04:09:06+00:00,KXMVESPORTSMULTIGAMEEXTENDED-S2026A315AFA1895-494270F54E9,"yes Philadelphia,yes Atlanta,yes St. Louis,yes Arizona,yes Tampa Bay,yes Miami,y",0.0,0.0,0.0000,
2026-08-02T04:09:06+00:00,KXMVESPORTSMULTIGAMEEXTENDED-S2026294BB24AF27-9EE8449227D,"yes Milwaukee,yes Detroit,yes Philadelphia,yes Toronto,yes Cleveland,yes New Yor",0.0,0.0,0.0000,
2026-08-02T04:09:06+00:00,KXMVECROSSCATEGORY-S2026FE9819AE195-E87BAAA9765,"yes Both Teams To Score,yes America,yes Toluca,yes Milwaukee,yes Detroit,yes Mil",0.0,0.0,0.0000,
2026-08-02T04:09:06+00:00,KXMVESPORTSMULTIGAMEEXTENDED-S2026C322383A0AF-AB13CC6D8AF,"yes Mirza Basic,yes Aziz Dougaz,yes Tommaso Compagnucci,yes Gerard Campana Lee,y",0.0,0.0,0.0000,
2026-08-02T04:09:06+00:00,KXMVESPORTSMULTIGAMEEXTENDED-S2026DC4C2A2F747-15162CB876A,"yes Washington,yes Toronto,yes Cleveland,yes Pittsburgh,yes Chicago C",0.0,0.0,0.0000,
2026-08-02T04:09:06+00:00,KXMVESPORTSMULTIGAMEEXTENDED-S20266C3D4FA2D77-F4893C9D6C0,"yes Philadelphia,yes Atlanta,yes Arizona,yes Tampa Bay,yes Miami,yes Pittsburgh,",0.0,1.0,0.0000,
2026-08-02T04:09:06+00:00,KXMVESPORTSMULTIGAMEEXTENDED-S2026DD3536CE04B-68692D0779F,"yes Shanghai Shenhua,yes Qingdao West Coast FC,yes Parma Calcio,yes Sunderland,y",0.0,0.0,0.0000,
2026-08-02T04:09:06+00:00,KXMVESPORTSMULTIGAMEEXTENDED-S202617A91FA1FB9-095A963A632,"yes Jan Choinski,yes S D Prajwal Dev,yes Amit Vales,yes Arthur Gea,yes Aleksanda",0.0,0.0,0.0000,
2026-08-02T04:09:06+00:00,KXMVESPORTSMULTIGAMEEXTENDED-S2026E9FF70019B2-EE2E581305A,"yes Atalanta,yes Sunderland,yes Both Teams To Score,yes America,yes Toluca,yes T",0.0,0.0,0.0000,
2026-08-02T04:09:06+00:00,KXMVESPORTSMULTIGAMEEXTENDED-S2026A6FBC9D20ED-0905D687C26,"yes Bryce Harper: 1+,yes Trea Turner: 1+,yes Zack Wheeler: 4+,yes Matthew Libera",0.0,0.0,0.0000,
2026-08-02T04:09:06+00:00,KXMVECROSSCATEGORY-S202629769FAB918-E546AE5296B,"no Over 4.5 runs scored,no Over 11.5 runs scored,yes Over 11.5 runs scored,yes O",0.0,0.0,0.0000,
2026-08-02T04:09:06+00:00,KXMVESPORTSMULTIGAMEEXTENDED-S2026EF2C915EEC0-AC24A23A2C7,"yes Atlanta,yes Toronto,yes Arizona,yes Tampa Bay,yes Miami,yes Cincinnati,yes T",0.0,1.0,0.0000,
2026-08-02T04:09:06+00:00,KXMVESPORTSMULTIGAMEEXTENDED-S2026BA1D32D25B9-FDB805D9BCD,"yes Tommaso Compagnucci,yes Daniel Siniakov,yes Ergi Kirkin,yes Leo Raquillet,ye",0.0,0.0,0.0000,
2026-08-02T04:09:06+00:00,KXMVESPORTSMULTIGAMEEXTENDED-S2026FB0B5AE63D8-F45D603940C,"yes SINNERS Esports,yes Spirit,yes Sashi Esport,yes Dallas",0.0,0.0,0.0000,
2026-08-02T04:09:06+00:00,KXMVESPORTSMULTIGAMEEXTENDED-S2026BBA77F16891-A8EC4532337,"yes Mirza Basic,yes Aziz Dougaz,yes Tommaso Compagnucci,yes Gerard Campana Lee,y",0.0,0.0,0.0000,
2026-08-02T04:09:06+00:00,KXMVESPORTSMULTIGAMEEXTENDED-S2026438CF83ED80-67058F68A6A,"yes Atlante,yes America,yes Milwaukee,yes Miami,yes Houston,yes Dallas,yes Minne",0.0,0.0,0.0000,
2026-08-02T04:09:06+00:00,KXMVESPORTSMULTIGAMEEXTENDED-S20264AF7C1C0A21-43B4B419807,"yes Spirit,yes Minnesota,yes Los Angeles,yes Kaitlin Quevedo,yes Kristina Liutov",0.0,1.0,0.0000,
2026-08-02T04:09:06+00:00,KXMVESPORTSMULTIGAMEEXTENDED-S2026328CA613C6D-50A44811874,"yes Milwaukee,yes Detroit,yes Philadelphia,yes Atlanta,yes Toronto,yes Cleveland",0.0,0.0,0.0000,
2026-08-02T04:09:06+00:00,KXMVESPORTSMULTIGAMEEXTENDED-S2026F46E2A63EAF-71C9118CF8C,"yes Aachen,yes Sevilla,yes Ajax,yes Over 4.5 runs scored,no Over 11.5 runs score",0.0,0.0,0.0000,
2026-08-02T04:09:06+00:00,KXMVESPORTSMULTIGAMEEXTENDED-S2026FC82610BFBD-711AE5157E1,"yes Milwaukee,yes Detroit,no Denzer Guzman: 2+,no Jo Adell: 1+,no Jose Siri: 2+,",0.0,0.0,0.0000,
2026-08-02T04:09:06+00:00,KXMVECROSSCATEGORY-S2026AB9ADB79469-A12D692C470,"yes Over 5.5 runs scored,yes Los Angeles",0.0,0.0,0.0000,
2026-08-02T04:09:06+00:00,KXMVESPORTSMULTIGAMEEXTENDED-S20264A3762EFCF9-843B35DDEF5,"yes Milwaukee wins by over 1.5 runs,yes Detroit wins by over 5.5 runs,no Over 13",0.0,0.0,0.0000,
2026-08-02T04:09:06+00:00,KXMVESPORTSMULTIGAMEEXTENDED-S2026FC964FED18B-C60B479EE89,"yes Atlanta,yes Toronto,yes Cleveland,yes Tampa Bay,yes Miami,yes Houston,yes Ch",0.0,0.0,0.0000,
2026-08-02T04:09:06+00:00,KXMVESPORTSMULTIGAMEEXTENDED-S2026622E428F09E-8390EA80019,"yes Detroit,yes San Diego,yes Los Angeles D,no Baltimore wins by over 3.5 runs,n",0.0,0.0,0.0000,
2026-08-02T04:09:06+00:00,KXMVECROSSCATEGORY-S202696C00D024BE-322ED6212B4,"yes Philadelphia,yes Atlanta,yes St. Louis,yes Chicago WS,yes Cincinnati,yes Tre",0.0,0.0,0.0000,
2026-08-02T04:09:06+00:00,KXMVESPORTSMULTIGAMEEXTENDED-S20265348F2EFDB3-3B2B65E3C83,"yes Baltimore,yes Atlanta,yes Toronto,yes Cleveland,yes Chicago WS,yes New York ",0.0,0.0,0.0000,
2026-08-02T04:09:06+00:00,KXMVESPORTSMULTIGAMEEXTENDED-S202691ED47E39BE-F0FB8615B43,"yes Jan Choinski,yes Arthur Gea,yes Milwaukee,yes Detroit,yes Kristina Liutova",0.0,0.0,0.0000,
2026-08-02T04:09:06+00:00,KXMVESPORTSMULTIGAMEEXTENDED-S2026AF84946A63A-BF02B1D57D1,"yes Over 6.5 runs scored,yes Over 4.5 runs scored,yes Over 6.5 runs scored,yes O",0.0,0.0,0.0000,
2026-08-02T04:09:06+00:00,KXMVESPORTSMULTIGAMEEXTENDED-S202620125F817C5-2A717156F42,"yes Milwaukee,yes Detroit,yes Over 4.5 runs scored,yes Over 4.5 runs scored,yes ",0.0,0.0,0.0000,
2026-08-02T04:09:06+00:00,KXMVECROSSCATEGORY-S2026FD2E36F2A5E-F0B7E39024B,"yes Lois Boisson,yes Jessica Bouzas Maneiro,yes Kamilla Rakhimova,yes Magda Line",0.0,0.0,0.0000,
2026-08-02T04:09:06+00:00,KXMVESPORTSMULTIGAMEEXTENDED-S2026555D04B0AA4-B3FC1F73F00,"yes Arthur Gea,yes Isaac Becroft,yes Petr Bar Biryukov,yes Lia Karatancheva,yes ",0.0,0.0,0.0000,
2026-08-02T04:09:06+00:00,KXMVESPORTSMULTIGAMEEXTENDED-S20265C129504EF3-6A329D970F0,"yes Radu Albot,yes Digvijay Pratap Singh,yes Mirza Basic,yes Tommaso Compagnucci",0.0,0.0,0.0000,
2026-08-02T04:09:06+00:00,KXMVECROSSCATEGORY-S202697459B9BC78-8C9C00C25E0,"yes Tampa Bay,yes Colorado,yes Milwaukee",0.0,0.201,0.0000,
2026-08-02T04:09:06+00:00,KXMVESPORTSMULTIGAMEEXTENDED-S20265E59E86FB85-1AE5FC38E66,"yes Milwaukee,yes Detroit,yes Philadelphia wins by over 1.5 runs,no Over 12.5 ru",0.0,0.0,0.0000,
2026-08-02T04:09:06+00:00,KXMVESPORTSMULTIGAMEEXTENDED-S20260B8E86942A9-C2519F4D3A3,"yes Atlanta,yes Detroit,yes Seattle,yes Boston,yes Over 4.5 runs scored,yes Over",0.0,0.0,0.0000,
2026-08-02T04:09:06+00:00,KXMVECROSSCATEGORY-S20264A48D5415EC-FE6434A9B54,"yes Jan Choinski,yes Arthur Gea,yes Isaac Becroft,yes Petr Bar Biryukov",0.0,0.0,0.0000,
2026-08-02T04:09:06+00:00,KXMVESPORTSMULTIGAMEEXTENDED-S2026EF2573B6172-1F0B62C74FA,"yes Radu Albot,yes Mirza Basic,yes Tommaso Compagnucci,yes Jan Choinski,yes Mene",0.0,0.0,0.0000,
2026-08-02T04:09:06+00:00,KXMVECROSSCATEGORY-S202683C36C83485-B444E5E4AD9,"yes Jan Choinski,yes Arthur Gea,yes Ajax,yes Spirit,yes Petr Bar Biryukov,yes In",0.0,0.0,0.0000,
2026-08-02T04:09:06+00:00,KXMVECROSSCATEGORY-S20262C44A0B2286-453A37FADD7,"yes Philadelphia,yes Atlanta,yes Toronto,yes Cleveland,yes Cincinnati,yes Housto",0.0,0.0,0.0000,
2026-08-02T04:09:06+00:00,KXMVESPORTSMULTIGAMEEXTENDED-S20267DC72ADB0FC-5E83A5DBE94,"yes Jeffrey John Wolf,yes Mirza Basic,yes Aziz Dougaz,yes Tommaso Compagnucci,ye",0.0,0.0,0.0000,
2026-08-02T04:09:06+00:00,KXMVESPORTSMULTIGAMEEXTENDED-S2026CE172598946-5C3BE1AF10A,"yes Inter Milano,yes Parma Calcio,yes Sunderland",0.0,0.0,0.0000,
2026-08-02T04:09:06+00:00,KXMVESPORTSMULTIGAMEEXTENDED-S2026D758610CE38-3B1090A09FA,"yes Atlante,yes Seattle,yes Over 2.5 goals scored",0.0,0.0,0.0000,
2026-08-02T04:09:06+00:00,KXMVESPORTSMULTIGAMEEXTENDED-S2026F49C9823009-7A4A7DA670E,"yes Aachen,yes AEK Athens,yes Inter Milano,yes Parma Calcio 1913 U20,yes Sevilla",0.0,0.0,0.0000,
2026-08-02T04:09:06+00:00,KXMVECROSSCATEGORY-S20266252E87E35B-B7D57DE9967,"yes Shanghai Shenhua,yes Qingdao West Coast FC,yes Aachen,yes AEK Athens,yes Sev",0.0,0.0,0.0000,
2026-08-02T04:09:06+00:00,KXMVESPORTSMULTIGAMEEXTENDED-S2026C9ED36E9EAB-551C7BFA66E,"yes Ratingen,yes America,yes Toluca,yes Cleveland,yes Tampa Bay,yes Cincinnati,y",0.0,0.0,0.0000,
2026-08-02T04:09:06+00:00,KXMVESPORTSMULTIGAMEEXTENDED-S2026BEE313A21DE-C9303A5DD8B,"yes Philadelphia,yes Toronto,yes Cleveland,yes Chicago WS,yes Miami,yes Texas,ye",0.0,0.0,0.0000,
2026-08-02T04:09:06+00:00,KXMVESPORTSMULTIGAMEEXTENDED-S2026A6BA0CC4359-CD2A1AD1D30,"yes Milwaukee,yes Detroit,yes Philadelphia,yes Milwaukee,yes Philadelphia,yes Ne",0.0,0.0,0.0000,
2026-08-02T04:09:06+00:00,KXMVESPORTSMULTIGAMEEXTENDED-S2026672241E8323-CF44C7A0EFF,"yes Toluca,yes Cruz Azul wins by more than 1.5 goals,yes Over 2.5 goals scored,y",0.0,0.0,0.0000,
2026-08-02T04:09:06+00:00,KXMVESPORTSMULTIGAMEEXTENDED-S202636D1AB24E0F-9C15BD6A7BB,"yes Tampa Bay,yes New York M,yes Milwaukee,yes Detroit,yes San Diego,yes Los Ang",0.0,1.0,0.0000,
2026-08-02T04:09:06+00:00,KXMVESPORTSMULTIGAMEEXTENDED-S20265AA26B7EF86-8FD487528D3,"yes Atlanta,yes Over 4.5 runs scored,no Over 12.5 runs scored,yes Over 4.5 runs ",0.0,1.0,0.0000,
2026-08-02T04:09:06+00:00,KXMVECROSSCATEGORY-S2026DF4F4DC061C-3C2A736690B,"yes Philadelphia,yes St. Louis,yes Cleveland,yes Cincinnati,yes New York Y,yes M",0.0,0.0,0.0000,
2026-08-02T04:09:06+00:00,KXMVECROSSCATEGORY-S202655D752206E6-DBFD0D1B60B,"yes Alexander Binda,yes Yaroslav Demin,yes Alec Deckers,yes Lia Karatancheva,yes",0.0,0.0,0.0000,
2026-08-02T04:09:06+00:00,KXMVESPORTSMULTIGAMEEXTENDED-S2026631B1B57682-3070967E6C8,"yes Baltimore,yes Atlanta,yes Toronto,yes Cleveland,yes Miami,yes Houston,yes Ch",0.0,0.0,0.0000,
2026-08-02T04:09:06+00:00,KXMVESPORTSMULTIGAMEEXTENDED-S20260C88C0C042A-A46509338D9,"yes America,yes Baltimore,yes Washington,yes St. Louis,yes Cleveland,yes New Yor",0.0,0.0,0.0000,
2026-08-02T04:09:06+00:00,KXMVESPORTSMULTIGAMEEXTENDED-S2026DD01B5A39D2-F1334A29224,"yes Jan Choinski,yes Amit Vales,yes Arthur Gea,yes Aleksandar Kovacevic,yes Mich",0.0,0.0,0.0000,
2026-08-02T04:09:06+00:00,KXMVESPORTSMULTIGAMEEXTENDED-S2026F394F6E3919-220816F12E2,"yes Milwaukee,yes Detroit,yes Atlanta,yes Toronto,yes Cleveland,yes Tampa Bay,ye",0.0,0.0,0.0000,
2026-08-02T04:09:06+00:00,KXMVESPORTSMULTIGAMEEXTENDED-S2026E7A6DFEF1C4-EE330850445,"yes Arizona,yes Miami,yes Cincinnati,yes Over 7.5 runs scored,yes Over 7.5 runs ",0.0,1.0,0.0000,
2026-08-02T04:09:06+00:00,KXMVESPORTSMULTIGAMEEXTENDED-S2026EFDE86DFE9B-917FEA57CD4,"yes Nuno Borges,yes Yannick Hanfmann,yes Martin Landaluce,yes Marin Cilic,yes Lu",0.0,0.0,0.0000,
2026-08-02T04:09:06+00:00,KXMVECROSSCATEGORY-S2026587F64D3BCE-AB4991EE4FB,"yes St. Louis,yes Cleveland,yes Tampa Bay,yes Cincinnati,yes Houston,yes Milwauk",0.0,0.0,0.0000,
2026-08-02T04:09:06+00:00,KXMVESPORTSMULTIGAMEEXTENDED-S2026507CA97B81D-708FDE13925,"yes Atlante,no Over 4.5 runs scored,no Over 10.5 runs scored",0.0,1.0,0.0000,
2026-08-02T04:09:06+00:00,KXMVESPORTSMULTIGAMEEXTENDED-S2026FC3C2F08740-A9D0E198921,"yes Rafael Jodar,yes Over 0.5 goals scored",0.0,0.0,0.0000,
2026-08-02T04:09:06+00:00,KXMVESPORTSMULTIGAMEEXTENDED-S20266AF197BB7A4-F1E9F0FD18C,"yes Arthur Gea,yes Nuno Borges,yes Milwaukee,yes Detroit,yes Minnesota",0.0,0.0,0.0000,
2026-08-02T04:09:06+00:00,KXMVECROSSCATEGORY-S2026638C55A6FC9-E26790D1859,"no Milwaukee wins by over 1.5 runs,no Detroit wins by over 6.5 runs,yes Over 4.5",0.0,0.0,0.0000,
2026-08-02T04:09:06+00:00,KXMVESPORTSMULTIGAMEEXTENDED-S20268CA91E93E9A-4BCE1D49425,"yes Nitin Kumar Sinha,yes Kenta Miyoshi (b. 2004),yes Mirza Basic,yes Tommaso Co",0.0,0.0,0.0000,
2026-08-02T04:09:06+00:00,KXMVECROSSCATEGORY-S20265EFC5414242-8A4E5B99B9D,"yes Detroit wins by over 1.5 runs,no Over 7.5 runs scored",0.0,0.0,0.0000,
2026-08-02T04:09:06+00:00,KXMVECROSSCATEGORY-S20266EB8BCDCBCC-C261D1D22FD,"yes Milwaukee,yes Detroit wins by over 2.5 runs,no Over 7.5 runs scored",0.0,0.0,0.0000,
2026-08-02T04:09:06+00:00,KXMVESPORTSMULTIGAMEEXTENDED-S2026D422FDA05C9-A822651C6B7,"yes Arthur Gea,yes Rinky Hijikata,yes Juncheng Shang,yes Christopher O'Connell,y",0.0,1.0,0.0000,
2026-08-02T04:09:06+00:00,KXMVESPORTSMULTIGAMEEXTENDED-S20265E59E86FB85-2492A370E92,"yes Milwaukee,yes Detroit,yes Philadelphia wins by over 1.5 runs,no Over 12.5 ru",0.0,0.0,0.0000,
2026-08-02T04:09:06+00:00,KXMVESPORTSMULTIGAMEEXTENDED-S20263F8BFB71CA9-4708E1F2AD7,"yes Milwaukee,yes Detroit,no Milwaukee wins by over 2.5 runs,no Detroit wins by ",0.0,0.0,0.0000,
2026-08-02T04:09:06+00:00,KXMVESPORTSMULTIGAMEEXTENDED-S202618A602F118B-7D1576D13F6,"yes Atlanta wins by over 1.5 runs,yes New York Y wins by over 1.5 runs,yes Seatt",0.0,0.0,0.0000,
2026-08-02T04:09:06+00:00,KXMVESPORTSMULTIGAMEEXTENDED-S20265B28F42105B-D6D9AF07C95,"yes Arthur Gea,yes Isaac Becroft,yes Petr Bar Biryukov,yes Elena Micic,yes Kaitl",0.0,0.0,0.0000,
2026-08-02T04:09:06+00:00,KXMVESPORTSMULTIGAMEEXTENDED-S202627989D06A73-CA639713C68,"yes Arthur Gea,yes Milwaukee,yes Detroit,yes Kristina Liutova",0.0,0.0,0.0000,
2026-08-02T04:09:06+00:00,KXMVESPORTSMULTIGAMEEXTENDED-S2026B308FAE84CB-609939D70E5,"yes Kenta Miyoshi (b. 2004),yes Tommaso Compagnucci,yes Luca Castagnola,yes Jan ",0.0,0.0,0.0000,
2026-08-02T04:09:06+00:00,KXMVECROSSCATEGORY-S2026E698E5A9217-C3DD5023DE5,"yes Matteo Berrettini,yes Taylor Fritz,yes Daniel Altmaier,yes Both Teams To Sco",0.0,0.0,0.0000,
2026-08-02T04:09:06+00:00,KXMVECROSSCATEGORY-S2026D2901C9DD71-0F420F57D48,"yes Alexander Binda,yes Yaroslav Demin,yes Alec Deckers,yes Lia Karatancheva,yes",0.0,0.0,0.0000,
2026-08-02T04:09:06+00:00,KXMVECROSSCATEGORY-S20260AE6DB37ABE-3233C2741D9,"yes Philadelphia,yes Toronto,yes Arizona,yes Tampa Bay,yes Miami",0.0,1.0,0.0000,
2026-08-02T04:09:06+00:00,KXMVESPORTSMULTIGAMEEXTENDED-S2026D206996CCC3-AA7CA52964E,"yes Arthur Gea,yes Nuno Borges,yes Rinky Hijikata,yes Adolfo Daniel Vallejo,yes ",0.0,0.0,0.0000,
2026-08-02T04:09:06+00:00,KXMVESPORTSMULTIGAMEEXTENDED-S2026FFE4BA42190-73F7FB372B0,"yes Milwaukee,yes Detroit,yes Atlanta,yes Toronto,yes Cleveland,yes Miami,yes Ci",0.0,0.0,0.0000,
2026-08-02T04:09:06+00:00,KXMVECROSSCATEGORY-S2026875F964BC44-608513785B8,"yes Matteo Berrettini,yes Taylor Fritz,yes Both Teams To Score",0.0,0.0,0.0000,
2026-08-02T04:09:06+00:00,KXMVECROSSCATEGORY-S20263A3C640EA1A-D003B90589A,"yes Arthur Gea,yes Nuno Borges,yes Juncheng Shang,yes Christopher O'Connell,yes ",0.0,0.0,0.0000,
2026-08-02T04:09:06+00:00,KXMVESPORTSMULTIGAMEEXTENDED-S202642108D44BB9-CC1DAE88414,"yes Aachen,yes Sevilla,yes Over 4.5 runs scored,no Over 11.5 runs scored,yes Ove",0.0,0.0,0.0000,
2026-08-02T04:09:06+00:00,KXMVESPORTSMULTIGAMEEXTENDED-S2026EE5FFEB5DE0-FED770A0BBE,"no Over 8.5 runs scored,no Over 8.5 runs scored,no Over 9.5 runs scored,no Over ",0.0,1.0,0.0000,
2026-08-02T04:09:06+00:00,KXMVESPORTSMULTIGAMEEXTENDED-S2026B02095F413D-3E3161A0BDF,"yes Benjamin James,yes Cameron Young,yes Chris Kirk,yes Davis Riley,yes Kris Ven",0.0,0.0,0.0000,
2026-08-02T04:09:06+00:00,KXMVESPORTSMULTIGAMEEXTENDED-S20260207DF58A41-A2843AEBF02,"yes Milwaukee,yes Detroit wins by over 3.5 runs,no Over 7.5 runs scored",0.0,0.0,0.0000,
2026-08-02T04:09:06+00:00,KXMVESPORTSMULTIGAMEEXTENDED-S2026234ECD805FB-52ADAD9CD69,"yes Over 0.5 runs in the first 5 innings,yes Over 1.5 runs in the first 5 inning",0.0,0.0,0.0000,
2026-08-02T04:09:06+00:00,KXMVESPORTSMULTIGAMEEXTENDED-S2026E8A03A9534C-AAEE027B561,"yes Arthur Gea,yes Isaac Becroft,yes Jessica Pegula",0.0,0.0,0.0000,
2026-08-02T04:09:06+00:00,KXMVESPORTSMULTIGAMEEXTENDED-S2026C9189D434FC-C2AB81F4F38,"yes Mirza Basic,yes Aziz Dougaz,yes Tommaso Compagnucci,yes Gerard Campana Lee,y",0.0,0.0,0.0000,
2026-08-02T04:09:06+00:00,KXMVESPORTSMULTIGAMEEXTENDED-S2026902993D568F-BE41BC2F9E2,"yes Atlanta,yes Arizona,yes Over 5.5 runs scored,yes Over 5.5 runs scored",0.0,0.141,0.0000,
2026-08-02T04:09:06+00:00,KXMVESPORTSMULTIGAMEEXTENDED-S202664AE61E8F78-E0341417492,"yes Jan Choinski,yes Daniel Siniakov,yes Miami,yes Milwaukee,yes Bryce Harper: 1",0.0,0.0,0.0000,
2026-08-02T04:09:06+00:00,KXMVESPORTSMULTIGAMEEXTENDED-S2026378A724FE0F-FB1EA4A804C,"yes Baltimore,yes Atlanta,yes Toronto,yes Cleveland,yes Chicago WS,yes New York ",0.0,0.0,0.0000,
2026-08-02T04:09:06+00:00,KXMVESPORTSMULTIGAMEEXTENDED-S2026FEF17212286-8BF0CE97A29,"yes Milwaukee,yes Detroit,no Denzer Guzman: 2+,no Jo Adell: 1+,no Jose Siri: 2+,",0.0,0.0,0.0000,
2026-08-02T04:10:06+00:00,KXBTCMAXY-26DEC31-109999.99,"Will Bitcoin be above $109,999.99 by Dec 31, 2026 at 11:59 PM ET?",0.07,0.08,0.0000,
2026-08-02T04:10:06+00:00,KXBTCMAXY-26DEC31-99999.99,"Will Bitcoin be above $99,999.99 by Dec 31, 2026 at 11:59 PM ET?",0.12,0.13,0.0000,
2026-08-02T04:10:06+00:00,KXBTCMAXY-26DEC31-149999.99,"Will Bitcoin be above $149,999.99 by Dec 31, 2026 at 11:59 PM ET?",0.03,0.04,0.0000,
2026-08-02T04:10:06+00:00,KXBTCMAXY-26DEC31-139999.99,"Will Bitcoin be above $139,999.99 by Dec 31, 2026 at 11:59 PM ET?",0.04,0.05,0.0000,
2026-08-02T04:10:06+00:00,KXBTCMAXY-26DEC31-129999.99,"Will Bitcoin be above $129,999.99 by Dec 31, 2026 at 11:59 PM ET?",0.05,0.06,0.0000,
2026-08-02T04:10:06+00:00,KXBTCMAXY-26DEC31-119999.99,"Will Bitcoin be above $119,999.99 by Dec 31, 2026 at 11:59 PM ET?",0.05,0.06,0.0000,
2026-08-02T04:10:06+00:00,KXBTCMAXY-26DEC31-199999.99,"Will Bitcoin be above $199,999.99 by Dec 31, 2026 at 11:59 PM ET?",0.02,0.03,0.0000,
2026-08-02T04:10:06+00:00,KXETHMAXY-27JAN01-6000.00,"Will Ethereum reach above $6000.00 by Jan 1, 2027 at 12:00AM?",0.03,0.04,0.0000,
2026-08-02T04:10:06+00:00,KXETHMAXY-27JAN01-5000.00,"Will Ethereum reach above $5000.00 by Jan 1, 2027 at 12:00AM?",0.04,0.05,0.0000,
2026-08-02T04:10:06+00:00,KXETHMAXY-27JAN01-4750.00,"Will Ethereum reach above $4750.00 by Jan 1, 2027 at 12:00AM?",0.04,0.05,0.0000,
2026-08-02T04:10:06+00:00,KXETHMAXY-27JAN01-4500.00,"Will Ethereum reach above $4500.00 by Jan 1, 2027 at 12:00AM?",0.07,0.08,0.0000,
2026-08-02T04:10:06+00:00,KXETHMAXY-27JAN01-4250.00,"Will Ethereum reach above $4250.00 by Jan 1, 2027 at 12:00AM?",0.07,0.08,0.0000,
2026-08-02T04:10:06+00:00,KXETHMAXY-27JAN01-4000.00,"Will Ethereum reach above $4000.00 by Jan 1, 2027 at 12:00AM?",0.1,0.11,0.0000,
2026-08-02T04:10:06+00:00,KXETHMAXY-27JAN01-3750.00,"Will Ethereum reach above $3750.00 by Jan 1, 2027 at 12:00AM?",0.1,0.11,0.0000,
2026-08-02T04:10:06+00:00,KXETHMAXY-27JAN01-3500.00,"Will Ethereum reach above $3500.00 by Jan 1, 2027 at 12:00AM?",0.13,0.14,0.0000,
2026-08-02T04:10:06+00:00,KXFED-27APR-T4.25,Will the upper bound of the federal funds rate be above 4.25% following the Fed',0.14,0.29,0.0000,
2026-08-02T04:10:06+00:00,KXFED-27APR-T4.00,Will the upper bound of the federal funds rate be above 4.00% following the Fed',0.4,0.52,0.0000,
2026-08-02T04:10:06+00:00,KXFED-27APR-T3.75,Will the upper bound of the federal funds rate be above 3.75% following the Fed',0.32,0.52,0.0000,
2026-08-02T04:10:06+00:00,KXFED-27APR-T3.50,Will the upper bound of the federal funds rate be above 3.50% following the Fed',0.32,0.73,0.0000,
2026-08-02T04:10:06+00:00,KXFED-27APR-T3.25,Will the upper bound of the federal funds rate be above 3.25% following the Fed',0.7,0.74,0.0000,
2026-08-02T04:10:06+00:00,KXFED-27APR-T3.00,Will the upper bound of the federal funds rate be above 3.00% following the Fed',0.71,0.73,0.0000,
2026-08-02T04:10:06+00:00,KXFED-27APR-T2.75,Will the upper bound of the federal funds rate be above 2.75% following the Fed',0.72,0.79,0.0000,
2026-08-02T04:10:06+00:00,KXFED-27APR-T2.50,Will the upper bound of the federal funds rate be above 2.50% following the Fed',0.69,0.84,0.0000,
2026-08-02T04:10:06+00:00,KXFED-27APR-T2.25,Will the upper bound of the federal funds rate be above 2.25% following the Fed',0.73,0.86,0.0000,
2026-08-02T04:10:06+00:00,KXFED-27APR-T2.00,Will the upper bound of the federal funds rate be above 2.00% following the Fed',0.86,0.92,0.0000,
2026-08-02T04:10:06+00:00,KXFED-27APR-T1.75,Will the upper bound of the federal funds rate be above 1.75% following the Fed',0.86,0.93,0.0000,
2026-08-02T04:10:06+00:00,KXFED-27APR-T1.50,Will the upper bound of the federal funds rate be above 1.50% following the Fed',0.86,0.94,0.0000,
2026-08-02T04:10:06+00:00,KXFED-27APR-T1.25,Will the upper bound of the federal funds rate be above 1.25% following the Fed',0.92,0.93,0.0000,
2026-08-02T04:10:06+00:00,KXFED-27APR-T1.00,Will the upper bound of the federal funds rate be above 1.00% following the Fed',0.9,0.93,0.0000,
2026-08-02T04:10:06+00:00,KXFED-27APR-T0.75,Will the upper bound of the federal funds rate be above 0.75% following the Fed',0.92,0.95,0.0000,
2026-08-02T04:10:06+00:00,KXFED-27APR-T0.50,Will the upper bound of the federal funds rate be above 0.50% following the Fed',0.93,0.96,0.0000,
2026-08-02T04:10:06+00:00,KXFED-27APR-T0.25,Will the upper bound of the federal funds rate be above 0.25% following the Fed',0.94,0.97,0.0000,
2026-08-02T04:10:06+00:00,KXFED-27APR-T0.00,Will the upper bound of the federal funds rate be above 0.00% following the Fed',0.94,0.98,0.0000,
2026-08-02T04:10:06+00:00,KXFED-27MAR-T4.25,Will the upper bound of the federal funds rate be above 4.25% following the Fed',0.05,0.16,0.0000,
2026-08-02T04:10:06+00:00,KXFED-27MAR-T4.00,Will the upper bound of the federal funds rate be above 4.00% following the Fed',0.2,0.52,0.0000,
2026-08-02T04:10:06+00:00,KXFED-27MAR-T3.75,Will the upper bound of the federal funds rate be above 3.75% following the Fed',0.28,0.63,0.0000,
2026-08-02T04:10:06+00:00,KXFED-27MAR-T3.50,Will the upper bound of the federal funds rate be above 3.50% following the Fed',0.39,0.66,0.0000,
2026-08-02T04:10:06+00:00,KXFED-27MAR-T3.25,Will the upper bound of the federal funds rate be above 3.25% following the Fed',0.56,0.93,0.0000,
2026-08-02T04:10:06+00:00,KXFED-27MAR-T3.00,Will the upper bound of the federal funds rate be above 3.00% following the Fed',0.85,0.97,0.0000,
2026-08-02T04:10:06+00:00,KXFED-27MAR-T2.75,Will the upper bound of the federal funds rate be above 2.75% following the Fed',0.83,0.97,0.0000,
2026-08-02T04:10:06+00:00,KXFED-27MAR-T2.50,Will the upper bound of the federal funds rate be above 2.50% following the Fed',0.88,0.97,0.0000,
2026-08-02T04:10:06+00:00,KXFED-27MAR-T2.25,Will the upper bound of the federal funds rate be above 2.25% following the Fed',0.89,0.97,0.0000,
2026-08-02T04:10:06+00:00,KXFED-27MAR-T2.00,Will the upper bound of the federal funds rate be above 2.00% following the Fed',0.88,0.98,0.0000,
2026-08-02T04:10:06+00:00,KXFED-27MAR-T1.75,Will the upper bound of the federal funds rate be above 1.75% following the Fed',0.89,0.98,0.0000,
2026-08-02T04:10:06+00:00,KXFED-27MAR-T1.50,Will the upper bound of the federal funds rate be above 1.50% following the Fed',0.89,0.98,0.0000,
2026-08-02T04:10:06+00:00,KXFED-27MAR-T1.25,Will the upper bound of the federal funds rate be above 1.25% following the Fed',0.9,0.98,0.0000,
2026-08-02T04:10:06+00:00,KXFED-27MAR-T1.00,Will the upper bound of the federal funds rate be above 1.00% following the Fed',0.92,0.98,0.0000,
2026-08-02T04:10:06+00:00,KXFED-27MAR-T0.75,Will the upper bound of the federal funds rate be above 0.75% following the Fed',0.92,0.98,0.0000,
2026-08-02T04:10:06+00:00,KXFED-27MAR-T0.50,Will the upper bound of the federal funds rate be above 0.50% following the Fed',0.91,0.98,0.0000,
2026-08-02T04:10:06+00:00,KXFED-27MAR-T0.25,Will the upper bound of the federal funds rate be above 0.25% following the Fed',0.93,0.99,0.0000,
2026-08-02T04:10:06+00:00,KXFED-27MAR-T0.00,Will the upper bound of the federal funds rate be above 0.00% following the Fed',0.93,0.99,0.0000,
2026-08-02T04:10:06+00:00,KXFED-27JAN-T4.25,Will the upper bound of the federal funds rate be above 4.25% following the Fed',0.08,0.13,0.0000,
2026-08-02T04:10:06+00:00,KXFED-27JAN-T4.00,Will the upper bound of the federal funds rate be above 4.00% following the Fed',0.15,0.35,0.0000,
2026-08-02T04:10:06+00:00,KXFED-27JAN-T3.75,Will the upper bound of the federal funds rate be above 3.75% following the Fed',0.32,0.61,0.0000,
2026-08-02T04:10:06+00:00,KXFED-27JAN-T3.50,Will the upper bound of the federal funds rate be above 3.50% following the Fed',0.63,0.85,0.0000,
2026-08-02T04:10:06+00:00,KXFED-27JAN-T3.25,Will the upper bound of the federal funds rate be above 3.25% following the Fed',0.68,0.82,0.0000,
2026-08-02T04:10:06+00:00,KXFED-27JAN-T3.00,Will the upper bound of the federal funds rate be above 3.00% following the Fed',0.84,0.94,0.0000,
2026-08-02T04:10:06+00:00,KXFED-27JAN-T2.75,Will the upper bound of the federal funds rate be above 2.75% following the Fed',0.83,0.91,0.0000,
2026-08-02T04:10:06+00:00,KXFED-27JAN-T2.50,Will the upper bound of the federal funds rate be above 2.50% following the Fed',0.89,0.94,0.0000,
2026-08-02T04:10:06+00:00,KXFED-27JAN-T2.25,Will the upper bound of the federal funds rate be above 2.25% following the Fed',0.88,0.93,0.0000,
2026-08-02T04:10:06+00:00,KXFED-27JAN-T2.00,Will the upper bound of the federal funds rate be above 2.00% following the Fed',0.9,0.94,0.0000,
2026-08-02T04:10:06+00:00,KXFED-27JAN-T1.75,Will the upper bound of the federal funds rate be above 1.75% following the Fed',0.91,0.94,0.0000,
2026-08-02T04:10:06+00:00,KXFED-27JAN-T1.50,Will the upper bound of the federal funds rate be above 1.50% following the Fed',0.91,0.96,0.0000,
2026-08-02T04:10:06+00:00,KXFED-27JAN-T1.25,Will the upper bound of the federal funds rate be above 1.25% following the Fed',0.92,0.97,0.0000,
2026-08-02T04:10:06+00:00,KXFED-27JAN-T1.00,Will the upper bound of the federal funds rate be above 1.00% following the Fed',0.92,0.97,0.0000,
2026-08-02T04:10:06+00:00,KXFED-27JAN-T0.75,Will the upper bound of the federal funds rate be above 0.75% following the Fed',0.93,0.96,0.0000,
2026-08-02T04:10:06+00:00,KXFED-27JAN-T0.50,Will the upper bound of the federal funds rate be above 0.50% following the Fed',0.9,0.96,0.0000,
2026-08-02T04:10:06+00:00,KXFED-27JAN-T0.25,Will the upper bound of the federal funds rate be above 0.25% following the Fed',0.91,0.98,0.0000,
2026-08-02T04:10:06+00:00,KXFED-27JAN-T0.00,Will the upper bound of the federal funds rate be above 0.00% following the Fed',0.96,0.98,0.0000,
2026-08-02T04:10:06+00:00,KXFED-26DEC-T5.25,Will the upper bound of the federal funds rate be above 5.25% following the Fed',0.0,0.02,0.0000,
2026-08-02T04:10:06+00:00,KXFED-26DEC-T5.00,Will the upper bound of the federal funds rate be above 5.00% following the Fed',0.01,0.02,0.0000,
2026-08-02T04:10:06+00:00,KXFED-26DEC-T4.75,Will the upper bound of the federal funds rate be above 4.75% following the Fed',0.01,0.02,0.0000,
2026-08-02T04:10:06+00:00,KXFED-26DEC-T4.50,Will the upper bound of the federal funds rate be above 4.50% following the Fed',0.01,0.04,0.0000,
2026-08-02T04:10:06+00:00,KXFED-26DEC-T4.25,Will the upper bound of the federal funds rate be above 4.25% following the Fed',0.06,0.12,0.0000,
2026-08-02T04:10:06+00:00,KXFED-26DEC-T4.00,Will the upper bound of the federal funds rate be above 4.00% following the Fed',0.32,0.36,0.0000,
2026-08-02T04:10:06+00:00,KXFED-26DEC-T3.75,Will the upper bound of the federal funds rate be above 3.75% following the Fed',0.7,0.71,0.0000,
2026-08-02T04:10:06+00:00,KXFED-26DEC-T3.50,Will the upper bound of the federal funds rate be above 3.50% following the Fed',0.86,0.88,0.0000,
2026-08-02T04:10:06+00:00,KXFED-26DEC-T3.25,Will the upper bound of the federal funds rate be above 3.25% following the Fed',0.98,0.99,0.0000,
2026-08-02T04:10:06+00:00,KXFED-26DEC-T3.00,Will the upper bound of the federal funds rate be above 3.00% following the Fed',0.98,0.99,0.0000,
2026-08-02T04:10:06+00:00,KXFED-26DEC-T2.75,Will the upper bound of the federal funds rate be above 2.75% following the Fed',0.98,0.99,0.0000,
2026-08-02T04:10:06+00:00,KXFED-26OCT-T5.25,Will the upper bound of the federal funds rate be above 5.25% following the Fed',0.0,0.02,0.0000,
2026-08-02T04:10:06+00:00,KXFED-26OCT-T5.00,Will the upper bound of the federal funds rate be above 5.00% following the Fed',0.0,0.02,0.0000,
2026-08-02T04:10:06+00:00,KXFED-26OCT-T4.75,Will the upper bound of the federal funds rate be above 4.75% following the Fed',0.01,0.02,0.0000,
2026-08-02T04:10:06+00:00,KXFED-26OCT-T4.50,Will the upper bound of the federal funds rate be above 4.50% following the Fed',0.01,0.02,0.0000,
2026-08-02T04:10:06+00:00,KXFED-26OCT-T4.25,Will the upper bound of the federal funds rate be above 4.25% following the Fed',0.04,0.05,0.0000,
2026-08-02T04:10:06+00:00,KXFED-26OCT-T4.00,Will the upper bound of the federal funds rate be above 4.00% following the Fed',0.16,0.17,0.0000,
2026-08-02T04:10:06+00:00,KXFED-26OCT-T3.75,Will the upper bound of the federal funds rate be above 3.75% following the Fed',0.62,0.65,0.0000,
2026-08-02T04:10:06+00:00,KXFED-26OCT-T3.50,Will the upper bound of the federal funds rate be above 3.50% following the Fed',0.93,0.94,0.0000,
2026-08-02T04:10:06+00:00,KXFED-26OCT-T3.25,Will the upper bound of the federal funds rate be above 3.25% following the Fed',0.97,0.98,0.0000,
2026-08-02T04:10:06+00:00,KXFED-26OCT-T3.00,Will the upper bound of the federal funds rate be above 3.00% following the Fed',0.97,0.98,0.0000,
2026-08-02T04:10:06+00:00,KXFED-26OCT-T2.75,Will the upper bound of the federal funds rate be above 2.75% following the Fed',0.97,0.98,0.0000,
2026-08-02T04:10:06+00:00,KXFED-26SEP-T5.25,Will the upper bound of the federal funds rate be above 5.25% following the Fed',0.0,0.01,0.0000,
2026-08-02T04:10:06+00:00,KXFED-26SEP-T5.00,Will the upper bound of the federal funds rate be above 5.00% following the Fed',0.0,0.01,0.0000,
2026-08-02T04:10:06+00:00,KXFED-26SEP-T4.75,Will the upper bound of the federal funds rate be above 4.75% following the Fed',0.0,0.01,0.0000,
2026-08-02T04:10:06+00:00,KXFED-26SEP-T4.50,Will the upper bound of the federal funds rate be above 4.50% following the Fed',0.0,0.01,0.0000,
2026-08-02T04:10:06+00:00,KXFED-26SEP-T4.25,Will the upper bound of the federal funds rate be above 4.25% following the Fed',0.01,0.02,0.0000,
2026-08-02T04:10:06+00:00,KXFED-26SEP-T4.00,Will the upper bound of the federal funds rate be above 4.00% following the Fed',0.02,0.03,0.0000,
2026-08-02T04:10:06+00:00,KXFED-26SEP-T3.75,Will the upper bound of the federal funds rate be above 3.75% following the Fed',0.6,0.61,0.0000,
2026-08-02T04:10:06+00:00,KXFED-26SEP-T3.50,Will the upper bound of the federal funds rate be above 3.50% following the Fed',0.98,0.99,0.0000,
2026-08-02T04:10:06+00:00,KXFED-26SEP-T3.25,Will the upper bound of the federal funds rate be above 3.25% following the Fed',0.99,1.0,0.0000,
2026-08-02T04:10:06+00:00,KXFED-26SEP-T3.00,Will the upper bound of the federal funds rate be above 3.00% following the Fed',0.99,1.0,0.0000,
2026-08-02T04:10:06+00:00,KXFED-26SEP-T2.75,Will the upper bound of the federal funds rate be above 2.75% following the Fed',0.99,1.0,0.0000,
2026-08-02T04:10:06+00:00,KXFEDDECISION-28JAN-H26,Will the Federal Reserve Hike rates by >25bps at their January 2028 meeting?,0.12,0.19,0.0000,
2026-08-02T04:10:06+00:00,KXFEDDECISION-28JAN-H25,Will the Federal Reserve Hike rates by 25bps at their January 2028 meeting?,0.07,0.16,0.0000,
2026-08-02T04:10:06+00:00,KXFEDDECISION-28JAN-H0,Will the Federal Reserve Hike rates by 0bps at their January 2028 meeting?,0.56,0.64,0.0000,
2026-08-02T04:10:06+00:00,KXFEDDECISION-28JAN-C26,Will the Federal Reserve Cut rates by >25bps at their January 2028 meeting?,0.02,0.06,0.0000,
2026-08-02T04:10:06+00:00,KXFEDDECISION-28JAN-C25,Will the Federal Reserve Cut rates by 25bps at their January 2028 meeting?,0.04,0.13,0.0000,
2026-08-02T04:10:06+00:00,KXFEDDECISION-27DEC-H26,Will the Federal Reserve Hike rates by >25bps at their December 2027 meeting?,0.06,0.09,0.0000,
2026-08-02T04:10:06+00:00,KXFEDDECISION-27DEC-H25,Will the Federal Reserve Hike rates by 25bps at their December 2027 meeting?,0.07,0.12,0.0000,
2026-08-02T04:10:06+00:00,KXFEDDECISION-27DEC-H0,Will the Federal Reserve Hike rates by 0bps at their December 2027 meeting?,0.52,0.58,0.0000,
2026-08-02T04:10:06+00:00,KXFEDDECISION-27DEC-C26,Will the Federal Reserve Cut rates by >25bps at their December 2027 meeting?,0.05,0.09,0.0000,
2026-08-02T04:10:06+00:00,KXFEDDECISION-27DEC-C25,Will the Federal Reserve Cut rates by 25bps at their December 2027 meeting?,0.18,0.23,0.0000,
2026-08-02T04:10:06+00:00,KXFEDDECISION-27OCT-H26,Will the Federal Reserve Hike rates by >25bps at their October 2027 meeting?,0.08,0.12,0.0000,
2026-08-02T04:10:06+00:00,KXFEDDECISION-27OCT-H25,Will the Federal Reserve Hike rates by 25bps at their October 2027 meeting?,0.12,0.16,0.0000,
2026-08-02T04:10:06+00:00,KXFEDDECISION-27OCT-H0,Will the Federal Reserve Hike rates by 0bps at their October 2027 meeting?,0.56,0.64,0.0000,
2026-08-02T04:10:06+00:00,KXFEDDECISION-27OCT-C26,Will the Federal Reserve Cut rates by >25bps at their October 2027 meeting?,0.02,0.05,0.0000,
2026-08-02T04:10:06+00:00,KXFEDDECISION-27OCT-C25,Will the Federal Reserve Cut rates by 25bps at their October 2027 meeting?,0.08,0.11,0.0000,
2026-08-02T04:10:06+00:00,KXFEDDECISION-27SEP-H26,Will the Federal Reserve Hike rates by >25bps at their September 2027 meeting?,0.03,0.12,0.0000,
2026-08-02T04:10:06+00:00,KXFEDDECISION-27SEP-H25,Will the Federal Reserve Hike rates by 25bps at their September 2027 meeting?,0.08,0.17,0.0000,
2026-08-02T04:10:06+00:00,KXFEDDECISION-27SEP-H0,Will the Federal Reserve Hike rates by 0bps at their September 2027 meeting?,0.61,0.69,0.0000,
2026-08-02T04:10:06+00:00,KXFEDDECISION-27SEP-C26,Will the Federal Reserve Cut rates by >25bps at their September 2027 meeting?,0.03,0.07,0.0000,
2026-08-02T04:10:06+00:00,KXFEDDECISION-27SEP-C25,Will the Federal Reserve Cut rates by 25bps at their September 2027 meeting?,0.06,0.15,0.0000,
2026-08-02T04:10:06+00:00,KXFEDDECISION-27JUL-H26,Will the Federal Reserve Hike rates by >25bps at their July 2027 meeting?,0.02,0.04,0.0000,
2026-08-02T04:10:06+00:00,KXFEDDECISION-27JUL-H25,Will the Federal Reserve Hike rates by 25bps at their July 2027 meeting?,0.04,0.06,0.0000,
2026-08-02T04:10:06+00:00,KXFEDDECISION-27JUL-H0,Will the Federal Reserve Hike rates by 0bps at their July 2027 meeting?,0.79,0.82,0.0000,
2026-08-02T04:10:06+00:00,KXFEDDECISION-27JUL-C26,Will the Federal Reserve Cut rates by >25bps at their July 2027 meeting?,0.02,0.03,0.0000,
2026-08-02T04:10:06+00:00,KXFEDDECISION-27JUL-C25,Will the Federal Reserve Cut rates by 25bps at their July 2027 meeting?,0.05,0.07,0.0000,
2026-08-02T04:10:06+00:00,KXFEDDECISION-27JUN-H26,Will the Federal Reserve Hike rates by >25bps at their June 2027 meeting?,0.04,0.09,0.0000,
2026-08-02T04:10:06+00:00,KXFEDDECISION-27JUN-H25,Will the Federal Reserve Hike rates by 25bps at their June 2027 meeting?,0.13,0.17,0.0000,
2026-08-02T04:10:06+00:00,KXFEDDECISION-27JUN-H0,Will the Federal Reserve Hike rates by 0bps at their June 2027 meeting?,0.6,0.64,0.0000,
2026-08-02T04:10:06+00:00,KXFEDDECISION-27JUN-C26,Will the Federal Reserve Cut rates by >25bps at their June 2027 meeting?,0.06,0.09,0.0000,
2026-08-02T04:10:06+00:00,KXFEDDECISION-27JUN-C25,Will the Federal Reserve Cut rates by 25bps at their June 2027 meeting?,0.07,0.12,0.0000,
2026-08-02T04:10:06+00:00,KXFEDDECISION-27APR-H26,Will the Federal Reserve Hike rates by >25bps at their April 2027 meeting?,0.07,0.1,0.0000,
2026-08-02T04:10:06+00:00,KXFEDDECISION-27APR-H25,Will the Federal Reserve Hike rates by 25bps at their April 2027 meeting?,0.02,0.08,0.0000,
2026-08-02T04:10:06+00:00,KXFEDDECISION-27APR-H0,Will the Federal Reserve Hike rates by 0bps at their April 2027 meeting?,0.64,0.72,0.0000,
2026-08-02T04:10:06+00:00,KXFEDDECISION-27APR-C26,Will the Federal Reserve Cut rates by >25bps at their April 2027 meeting?,0.02,0.03,0.0000,
2026-08-02T04:10:06+00:00,KXFEDDECISION-27APR-C25,Will the Federal Reserve Cut rates by 25bps at their April 2027 meeting?,0.1,0.16,0.0000,
2026-08-02T04:10:06+00:00,KXFEDDECISION-27MAR-H26,Will the Federal Reserve Hike rates by >25bps at their March 2027 meeting?,0.01,0.03,0.0000,
2026-08-02T04:10:06+00:00,KXFEDDECISION-27MAR-H25,Will the Federal Reserve Hike rates by 25bps at their March 2027 meeting?,0.06,0.15,0.0000,
2026-08-02T04:10:06+00:00,KXFEDDECISION-27MAR-H0,Will the Federal Reserve Hike rates by 0bps at their March 2027 meeting?,0.7,0.73,0.0000,
2026-08-02T04:10:06+00:00,KXFEDDECISION-27MAR-C26,Will the Federal Reserve Cut rates by >25bps at their March 2027 meeting?,0.01,0.02,0.0000,
2026-08-02T04:10:06+00:00,KXFEDDECISION-27MAR-C25,Will the Federal Reserve Cut rates by 25bps at their March 2027 meeting?,0.09,0.18,0.0000,
2026-08-02T04:10:06+00:00,KXFEDDECISION-27JAN-H26,Will the Federal Reserve Hike rates by >25bps at their January 2027 meeting?,0.0,0.02,0.0000,
2026-08-02T04:10:06+00:00,KXFEDDECISION-27JAN-H25,Will the Federal Reserve Hike rates by 25bps at their January 2027 meeting?,0.19,0.2,0.0000,
2026-08-02T04:10:06+00:00,KXFEDDECISION-27JAN-H0,Will the Federal Reserve Hike rates by 0bps at their January 2027 meeting?,0.62,0.63,0.0000,
2026-08-02T04:10:06+00:00,KXFEDDECISION-27JAN-C26,Will the Federal Reserve Cut rates by >25bps at their January 2027 meeting?,0.01,0.02,0.0000,
2026-08-02T04:10:06+00:00,KXFEDDECISION-27JAN-C25,Will the Federal Reserve Cut rates by 25bps at their January 2027 meeting?,0.16,0.17,0.0000,
2026-08-02T04:10:06+00:00,KXFEDDECISION-26DEC-H26,Will the Federal Reserve Hike rates by >25bps at their December 2026 meeting?,0.01,0.04,0.0000,
2026-08-02T04:10:06+00:00,KXFEDDECISION-26DEC-H25,Will the Federal Reserve Hike rates by 25bps at their December 2026 meeting?,0.36,0.37,0.0000,
2026-08-02T04:10:06+00:00,KXFEDDECISION-26DEC-H0,Will the Federal Reserve Hike rates by 0bps at their December 2026 meeting?,0.59,0.6,0.0000,
2026-08-02T04:10:06+00:00,KXFEDDECISION-26DEC-C26,Will the Federal Reserve Cut rates by >25bps at their December 2026 meeting?,0.0,0.01,0.0000,
2026-08-02T04:10:06+00:00,KXFEDDECISION-26DEC-C25,Will the Federal Reserve Cut rates by 25bps at their December 2026 meeting?,0.05,0.06,0.0000,
2026-08-02T04:10:06+00:00,KXFEDDECISION-26OCT-H26,Will the Federal Reserve Hike rates by >25bps at their October 2026 meeting?,0.01,0.02,0.0000,
2026-08-02T04:10:06+00:00,KXFEDDECISION-26OCT-H25,Will the Federal Reserve Hike rates by 25bps at their October 2026 meeting?,0.24,0.25,0.0000,
2026-08-02T04:10:06+00:00,KXFEDDECISION-26OCT-H0,Will the Federal Reserve Hike rates by 0bps at their October 2026 meeting?,0.67,0.69,0.0000,
2026-08-02T04:10:06+00:00,KXFEDDECISION-26OCT-C26,Will the Federal Reserve Cut rates by >25bps at their October 2026 meeting?,0.0,0.03,0.0000,
2026-08-02T04:10:06+00:00,KXFEDDECISION-26OCT-C25,Will the Federal Reserve Cut rates by 25bps at their October 2026 meeting?,0.06,0.08,0.0000,
2026-08-02T04:10:06+00:00,KXFEDDECISION-26SEP-H26,Will the Federal Reserve Hike rates by >25bps at their September 2026 meeting?,0.01,0.02,0.0000,
2026-08-02T04:10:06+00:00,KXFEDDECISION-26SEP-H25,Will the Federal Reserve Hike rates by 25bps at their September 2026 meeting?,0.56,0.57,0.0000,
2026-08-02T04:10:06+00:00,KXFEDDECISION-26SEP-H0,Will the Federal Reserve Hike rates by 0bps at their September 2026 meeting?,0.41,0.42,0.0000,
2026-08-02T04:10:06+00:00,KXFEDDECISION-26SEP-C26,Will the Federal Reserve Cut rates by >25bps at their September 2026 meeting?,0.0,0.01,0.0000,
2026-08-02T04:10:06+00:00,KXFEDDECISION-26SEP-C25,Will the Federal Reserve Cut rates by 25bps at their September 2026 meeting?,0.01,0.02,0.0000,
