ts,asset,poly_bid,poly_ask,lim_yes,lim_no,basis,resolution_verified
2026-08-02T06:01:54+00:00,BTC,0.83,0.84,0.86,0.14,0.03,False
2026-08-02T06:16:49+00:00,BTC,0.84,0.86,0.865,0.135,0.025,False,binance-btcusdt-1m,pyth-pro-btcusd
2026-08-03T14:20:24+00:00,BTC,0.8,0.81,0.72,0.28,0.09,False,binance-btcusdt-1m,pyth-pro-btcusd
2026-08-03T14:20:24+00:00,ETH,0.53,0.56,0.4265,0.5735,0.1335,False,binance-btcusdt-1m,pyth-pro-btcusd
2026-08-04T13:27:20+00:00,BTC,0.72,0.73,0.705,0.295,0.025,False,binance-btcusdt-1m,pyth-pro-btcusd
2026-08-05T13:27:58+00:00,BTC,0.57,0.58,0.5405,0.4595,0.0395,False,binance-btcusdt-1m,pyth-pro-btcusd
2026-08-06T13:18:51+00:00,ETH,0.87,0.89,0.8945,0.1055,0.0245,False,binance-btcusdt-1m,pyth-pro-btcusd
2026-08-06T13:18:51+00:00,BTC,0.3,0.31,0.375,0.625,0.075,False,binance-btcusdt-1m,pyth-pro-btcusd
2026-08-07T01:58:39+00:00,BTC,0.38,0.39,0.3835,0.6165,0.0065,False,binance-btcusdt-1m,pyth-pro-btcusd
2026-08-07T12:14:51+00:00,BTC,0.86,0.87,0.86,0.14,0.01,False,binance-btcusdt-1m,pyth-pro-btcusd
