t,asset,side,price,size,fee,slug,mo_5s,mo_30s,mo_300s
1785836821.0,3798474306659077,BUY,0.81,1.45,,bitcoin-above-on-august-4-2026,-0.005,-0.005,0.005
1785836821.0,3798474306659077,SELL,0.81,1.45,0.01562,bitcoin-above-on-august-4-2026,0.005,0.005,-0.005
1785836835.0,1102656942679369,BUY,0.973,71.79,,bitcoin-above-on-august-4-2026,-0.0005,-0.0005,-0.0005
1785836835.0,7949989425384192,BUY,0.027,230,0.42296,bitcoin-above-on-august-4-2026,0.0005,0.0005,0.0005
1785836835.0,1102656942679369,BUY,0.973,158.21,,bitcoin-above-on-august-4-2026,-0.0005,-0.0005,-0.0005
1785836854.0,1147273166281728,BUY,0.998,11.09,0.00154,what-price-will-bitcoin-hit-in-august-20,0.0005,0.0005,0.0005
1785836854.0,1825839575504139,BUY,0.002,11.09,,what-price-will-bitcoin-hit-in-august-20,-0.0005,-0.0005,-0.0005
1785836883.0,2899613081381707,BUY,0.4599999564210338,4.130433,0.07181,what-price-will-ethereum-hit-in-august-2,0.005,0.005,0.005
1785836883.0,2899613081381707,SELL,0.4599999564210338,4.130433,,what-price-will-ethereum-hit-in-august-2,-0.005,-0.005,-0.005
1785836950.0,1650636163533709,SELL,0.998,3.02,0.00042,bitcoin-above-on-august-5-2026,0.001,0.001,0.001
1785836950.0,1650636163533709,BUY,0.998,3.02,,bitcoin-above-on-august-5-2026,-0.001,-0.001,-0.001
1785836978.0,5230989934771428,BUY,0.9720000043738563,218.571427,,bitcoin-above-on-august-5-2026,-0.003,-0.003,-0.003
1785836978.0,5230989934771428,BUY,0.975,16,,bitcoin-above-on-august-5-2026,0.0,0.0,0.0
1785836978.0,5230989934771428,BUY,0.976,20,,bitcoin-above-on-august-5-2026,0.001,0.001,0.001
1785836978.0,4807494425453643,BUY,0.027497190405426,254.571427,,bitcoin-above-on-august-5-2026,0.0025,0.0025,0.0025
1785836980.0,1083024546070811,BUY,0.0120000008782363,4.554583,,what-price-will-bitcoin-hit-in-august-20,-0.0005,-0.0005,-0.0005
1785836980.0,9456528654693780,BUY,0.9879999991217637,4.554583,0.00377,what-price-will-bitcoin-hit-in-august-20,0.0005,0.0005,0.0005
1785836987.0,2955576282086664,SELL,0.19,8,,bitcoin-above-on-august-4-2026,0.005,0.005,0.015
1785836987.0,2955576282086664,SELL,0.2,13.1,,bitcoin-above-on-august-4-2026,-0.005,-0.005,0.005
1785836987.0,2955576282086664,BUY,0.1962085308056872,21.1,0.23293,bitcoin-above-on-august-4-2026,0.00121,0.00121,-0.00879
1785836996.0,1102656942679369,BUY,0.973,73.84,,bitcoin-above-on-august-4-2026,-0.0005,-0.0005,-0.0005
1785836996.0,1102656942679369,BUY,0.9730000112629928,85.945184,,bitcoin-above-on-august-4-2026,-0.0005,-0.0005,-0.0005
1785836996.0,1102656942679369,BUY,0.973,35.4,,bitcoin-above-on-august-4-2026,-0.0005,-0.0005,-0.0005
1785836996.0,7949989425384192,BUY,0.0270000001639469,195.185184,0.35893,bitcoin-above-on-august-4-2026,0.0005,0.0005,0.0005
1785837009.0,7643548942136022,SELL,0.9949999069890987,4.623114,,what-price-will-bitcoin-hit-in-august-20,-0.0005,-0.0005,-0.0005
1785837009.0,7643548942136022,BUY,0.9949999069890987,4.623114,0.00161,what-price-will-bitcoin-hit-in-august-20,0.0005,0.0005,0.0005
1785837022.0,8890297437819588,SELL,0.52,2.56,,what-price-will-bitcoin-hit-in-august-20,-0.005,-0.005,-0.005
1785837022.0,8890297437819588,SELL,0.52,1.44,,what-price-will-bitcoin-hit-in-august-20,-0.005,-0.005,-0.005
1785837022.0,2707330300457255,BUY,0.48,6,,what-price-will-bitcoin-hit-in-august-20,-0.005,-0.005,-0.005
1785837022.0,2707330300457255,SELL,0.48,10,0.19872,what-price-will-bitcoin-hit-in-august-20,0.005,0.005,0.005
1785837022.0,1137221594106804,SELL,0.017,108,,bitcoin-above-on-august-5-2026,-0.003,-0.003,-0.0025
1785837022.0,1137221594106804,SELL,0.017,107,,bitcoin-above-on-august-5-2026,-0.003,-0.003,-0.0025
1785837022.0,1137221594106804,SELL,0.017,101,,bitcoin-above-on-august-5-2026,-0.003,-0.003,-0.0025
1785837022.0,1137221594106804,BUY,0.0169999981658889,529.411763,,bitcoin-above-on-august-5-2026,0.003,0.003,0.0025
1785837022.0,1137221594106804,SELL,0.017,104,,bitcoin-above-on-august-5-2026,-0.003,-0.003,-0.0025
1785837022.0,1137221594106804,SELL,0.0169998845664102,8.411763,,bitcoin-above-on-august-5-2026,-0.003,-0.003,-0.0025
1785837028.0,9076837713448521,BUY,0.47,10.41,,what-price-will-bitcoin-hit-in-august-20,-0.005,-0.005,-0.005
1785837028.0,9076837713448521,SELL,0.47,10.41,0.20597,what-price-will-bitcoin-hit-in-august-20,0.005,0.005,0.005
1785837047.0,1102656942679369,SELL,0.9739999579305103,10.93429,,bitcoin-above-on-august-4-2026,-0.0005,-0.0005,-0.0005
1785837047.0,1102656942679369,BUY,0.9739999579305103,10.93429,0.01938,bitcoin-above-on-august-4-2026,0.0005,0.0005,0.0005
1785837049.0,1064932851422783,BUY,0.999,576.576,0.04031,bitcoin-above-on-august-4-2026,0.0005,0.0005,0.0005
1785837049.0,9350237091720620,BUY,0.001,55.97,,bitcoin-above-on-august-4-2026,-0.0005,-0.0005,-0.0005
1785837049.0,9350237091720620,BUY,0.001,520.606,,bitcoin-above-on-august-4-2026,-0.0005,-0.0005,-0.0005
1785837067.0,6309330581531068,BUY,0.998,220.4405,0.03079,bitcoin-above-on-august-4-2026,0.0005,0.0005,0.0005
1785837067.0,1090994452379897,BUY,0.002,220.4405,,bitcoin-above-on-august-4-2026,-0.0005,-0.0005,-0.0005
1785837104.0,1147273166281728,BUY,0.998,35.4305,0.00495,what-price-will-bitcoin-hit-in-august-20,0.0005,0.0005,0.0005
1785837104.0,1825839575504139,BUY,0.002,35.4305,,what-price-will-bitcoin-hit-in-august-20,-0.0005,-0.0005,-0.0005
1785837137.0,2850969030908660,BUY,0.001,63,,ethereum-above-on-august-4-2026,-0.0005,-0.0005,-0.0005
1785837137.0,5184034104092854,BUY,0.999,150,0.01048,ethereum-above-on-august-4-2026,0.0005,0.0005,0.0005
1785837138.0,2850969030908660,BUY,0.001,87,,ethereum-above-on-august-4-2026,-0.0005,-0.0005,-0.0005
1785837146.0,6309330581531068,BUY,0.997,44,,bitcoin-above-on-august-4-2026,-0.0005,-0.0005,-0.0005
1785837146.0,6309330581531068,BUY,0.997,400,,bitcoin-above-on-august-4-2026,-0.0005,-0.0005,-0.0005
1785837147.0,1090994452379897,BUY,0.003,444,0.09296,bitcoin-above-on-august-4-2026,0.0005,0.0005,0.0005
1785837148.0,4914847362878473,BUY,0.34,490,,bitcoin-above-on-august-5-2026,0.005,0.005,-0.005
1785837148.0,1064305500771294,BUY,0.66,490,7.69692,bitcoin-above-on-august-5-2026,-0.005,-0.005,0.005
1785837165.0,3449964554100081,BUY,0.88,15,0.11088,what-price-will-ethereum-hit-in-august-2,0.005,0.005,0.005
1785837164.0,3449964554100081,SELL,0.88,15,,what-price-will-ethereum-hit-in-august-2,-0.005,-0.005,-0.005
1785837173.0,6309330581531068,BUY,0.998,10.501,0.00146,bitcoin-above-on-august-4-2026,0.0005,0.0005,0.0005
1785837174.0,1090994452379897,BUY,0.002,10.501,,bitcoin-above-on-august-4-2026,-0.0005,-0.0005,-0.0005
1785837221.0,1083467414936817,BUY,0.032,5.11,,ethereum-above-on-august-4-2026,-0.0045,-0.0045,-0.0045
1785837221.0,2850969030908660,BUY,0.002,5.11,0.00071,ethereum-above-on-august-4-2026,0.0005,0.0005,0.0005
1785837221.0,8820335673330420,BUY,0.968,5.11,0.01108,ethereum-above-on-august-4-2026,0.0045,0.0045,0.0045
1785837221.0,2850969030908660,SELL,0.002,5.11,,ethereum-above-on-august-4-2026,-0.0005,-0.0005,-0.0005
1785837238.0,3798474306659077,BUY,0.8,10,0.112,bitcoin-above-on-august-4-2026,0.005,0.005,0.005
1785837238.0,2955576282086664,BUY,0.2,10,,bitcoin-above-on-august-4-2026,-0.005,-0.005,-0.005
1785837238.0,3798474306659077,BUY,0.8,65,0.728,bitcoin-above-on-august-4-2026,0.005,0.005,0.005
1785837239.0,2955576282086664,BUY,0.2,65,,bitcoin-above-on-august-4-2026,-0.005,-0.005,-0.005
1785837242.0,9699347185440015,BUY,0.978,1.07,,what-price-will-bitcoin-hit-before-2027,-0.0015,-0.0015,
1785837242.0,9699347185440015,SELL,0.978,1.07,0.00161,what-price-will-bitcoin-hit-before-2027,0.0015,0.0015,
1785837243.0,9699347185440015,SELL,0.98,20.39,,what-price-will-bitcoin-hit-before-2027,-0.0005,-0.0005,
1785837243.0,6136894312825528,BUY,0.02,6.22,,what-price-will-bitcoin-hit-before-2027,-0.0005,-0.0005,
1785837243.0,6136894312825528,BUY,0.02,21.11,,what-price-will-bitcoin-hit-before-2027,-0.0005,-0.0005,
1785837243.0,6136894312825528,SELL,0.02,47.72,0.06547,what-price-will-bitcoin-hit-before-2027,0.0005,0.0005,
1785837257.0,8820335673330420,SELL,0.967,5.2,,ethereum-above-on-august-4-2026,-0.0035,-0.0045,-0.003
1785837257.0,8820335673330420,BUY,0.967,5.2,0.01161,ethereum-above-on-august-4-2026,0.0035,0.0045,0.003
1785837258.0,4162389165128916,BUY,0.983,5.2,0.00608,ethereum-above-on-august-4-2026,0.0055,0.0045,0.003
1785837258.0,4162389165128916,SELL,0.983,5.2,,ethereum-above-on-august-4-2026,-0.0055,-0.0045,-0.003
1785837260.0,4317110822368379,BUY,0.9899999908615384,105.050504,0.0728,what-price-will-bitcoin-hit-in-august-20,0.0015,0.0015,0.0015
1785837260.0,4317110822368379,SELL,0.9899999908615384,105.050504,,what-price-will-bitcoin-hit-in-august-20,-0.0015,-0.0015,-0.0015
1785837283.0,2955576282086664,BUY,0.2099999773748093,31.380951,0.39736,bitcoin-above-on-august-4-2026,0.005,0.005,0.005
1785837283.0,3798474306659077,BUY,0.7900000226251906,31.380951,,bitcoin-above-on-august-4-2026,-0.005,-0.005,-0.005
1785837284.0,2955576282086664,BUY,0.2099999934479999,119.047618,1.38249,bitcoin-above-on-august-4-2026,0.005,0.005,0.005
1785837284.0,3798474306659077,BUY,0.7900000065520001,119.047618,,bitcoin-above-on-august-4-2026,-0.005,-0.005,-0.005
1785837286.0,9436872649120984,BUY,0.023,50,,what-price-will-bitcoin-hit-in-august-20,-0.001,-0.001,-0.001
1785837286.0,9436872649120984,SELL,0.023,50,0.07864,what-price-will-bitcoin-hit-in-august-20,0.001,0.001,0.001
1785837312.0,1825839575504139,BUY,0.002,9.42,,what-price-will-bitcoin-hit-in-august-20,-0.0005,-0.0005,-0.0005
1785837312.0,1147273166281728,BUY,0.998,9.42,0.00131,what-price-will-bitcoin-hit-in-august-20,0.0005,0.0005,0.0005
1785837360.0,7991188434230575,BUY,0.015,2.8,,ethereum-above-on-august-4-2026,-0.0065,-0.0055,-0.004
1785837360.0,4162389165128916,BUY,0.985,113.8,0.11769,ethereum-above-on-august-4-2026,0.0065,0.0055,0.004
1785837360.0,7991188434230575,BUY,0.015,111,,ethereum-above-on-august-4-2026,-0.0065,-0.0055,-0.004
1785837387.0,4162389165128916,BUY,0.984,39.14,0.04313,ethereum-above-on-august-4-2026,0.0035,0.0045,0.0035
1785837387.0,4162389165128916,SELL,0.984,39.14,,ethereum-above-on-august-4-2026,-0.0035,-0.0045,-0.0035
1785837405.0,7991188434230575,BUY,0.012,111.8,,ethereum-above-on-august-4-2026,-0.008,-0.009,-0.008
1785837405.0,4162389165128916,BUY,0.988,111.8,0.09278,ethereum-above-on-august-4-2026,0.008,0.009,0.008
1785837407.0,1106586146616324,SELL,0.999,111.8,,ethereum-above-on-august-4-2026,-0.001,-0.001,-0.0015
1785837407.0,1106586146616324,BUY,0.999,111.8,0.00781,ethereum-above-on-august-4-2026,0.001,0.001,0.0015
1785837434.0,3255190603777435,BUY,0.995,1.608,0.00055,what-price-will-ethereum-hit-in-august-2,0.0015,0.0015,0.001
1785837434.0,9588521889797515,BUY,0.005,1.608,,what-price-will-ethereum-hit-in-august-2,-0.0015,-0.0015,-0.001
1785837436.0,4317110822368379,BUY,0.9899999918999999,111.11111,0.077,what-price-will-bitcoin-hit-in-august-20,0.0015,0.0015,0.0015
1785837436.0,4317110822368379,SELL,0.9899999918999999,111.11111,,what-price-will-bitcoin-hit-in-august-20,-0.0015,-0.0015,-0.0015
1785837463.0,1064932851422783,SELL,0.999,22.2,,bitcoin-above-on-august-4-2026,-0.0005,-0.0005,
1785837463.0,1064932851422783,SELL,0.9989999830335728,27.937526,,bitcoin-above-on-august-4-2026,-0.0005,-0.0005,
1785837463.0,1064932851422783,BUY,0.9989999991014687,527.527526,0.03689,bitcoin-above-on-august-4-2026,0.0005,0.0005,
1785837463.0,9350237091720620,BUY,0.001,477.39,,bitcoin-above-on-august-4-2026,-0.0005,-0.0005,
1785837475.0,5148390530646581,SELL,0.979,2.97,,what-price-will-bitcoin-hit-before-2027,-0.002,-0.002,
1785837475.0,5148390530646581,BUY,0.979,2.97,0.00427,what-price-will-bitcoin-hit-before-2027,0.002,0.002,
1785837481.0,1090994452379897,BUY,0.002,5,,bitcoin-above-on-august-4-2026,-0.0005,-0.0005,
1785837481.0,6309330581531068,BUY,0.998,532.064,0.07433,bitcoin-above-on-august-4-2026,0.0005,0.0005,
1785837481.0,1090994452379897,BUY,0.002,98.424,,bitcoin-above-on-august-4-2026,-0.0005,-0.0005,
1785837481.0,1090994452379897,BUY,0.002,428.64,,bitcoin-above-on-august-4-2026,-0.0005,-0.0005,
1785837488.0,7991188434230575,BUY,0.012,38.9,,ethereum-above-on-august-4-2026,-0.008,-0.008,
1785837488.0,1106586146616324,SELL,0.999,38.9,,ethereum-above-on-august-4-2026,-0.001,-0.0015,
1785837488.0,4162389165128916,BUY,0.988,38.9,0.03228,ethereum-above-on-august-4-2026,0.008,0.008,
1785837488.0,1106586146616324,BUY,0.999,38.9,0.00272,ethereum-above-on-august-4-2026,0.001,0.0015,
1785837490.0,4317110822368379,SELL,0.9899999912207545,107.070706,,what-price-will-bitcoin-hit-in-august-20,-0.0015,-0.0015,
1785837490.0,4317110822368379,BUY,0.9899999912207545,107.070706,0.0742,what-price-will-bitcoin-hit-in-august-20,0.0015,0.0015,
1785837508.0,2850969030908660,BUY,0.001,100,,ethereum-above-on-august-4-2026,-0.0005,-0.0005,
1785837508.0,2850969030908660,BUY,0.001,92.54,,ethereum-above-on-august-4-2026,-0.0005,-0.0005,
1785837508.0,5184034104092854,BUY,0.999,540.54,0.03779,ethereum-above-on-august-4-2026,0.0005,0.0005,
1785837508.0,2850969030908660,BUY,0.001,104,,ethereum-above-on-august-4-2026,-0.0005,-0.0005,
1785837508.0,2850969030908660,BUY,0.001,102,,ethereum-above-on-august-4-2026,-0.0005,-0.0005,
1785837508.0,2850969030908660,BUY,0.001,37,,ethereum-above-on-august-4-2026,-0.0005,-0.0005,
1785837508.0,2850969030908660,BUY,0.001,105,,ethereum-above-on-august-4-2026,-0.0005,-0.0005,
1785837533.0,2850969030908660,BUY,0.001,15.46,,ethereum-above-on-august-4-2026,-0.0005,-0.0005,
1785837533.0,2850969030908660,BUY,0.001,110,,ethereum-above-on-august-4-2026,-0.0005,-0.0005,
1785837533.0,5184034104092854,BUY,0.999,843.843,0.059,ethereum-above-on-august-4-2026,0.0005,0.0005,
1785837533.0,2850969030908660,BUY,0.001,103,,ethereum-above-on-august-4-2026,-0.0005,-0.0005,
1785837533.0,2850969030908660,BUY,0.001,101,,ethereum-above-on-august-4-2026,-0.0005,-0.0005,
1785837534.0,2850969030908660,BUY,0.001,100,,ethereum-above-on-august-4-2026,-0.0005,-0.0005,
1785837534.0,2850969030908660,BUY,0.001,100.383,,ethereum-above-on-august-4-2026,-0.0005,-0.0005,
1785837606.0,3798474306659077,BUY,0.8,10,0.112,bitcoin-above-on-august-4-2026,-0.015,-0.015,
1785837607.0,3798474306659077,BUY,0.8,110,,bitcoin-above-on-august-4-2026,-0.015,-0.015,
1785837607.0,3798474306659077,BUY,0.8,490,,bitcoin-above-on-august-4-2026,-0.015,-0.015,
1785837607.0,3798474306659077,BUY,0.8,136,,bitcoin-above-on-august-4-2026,-0.015,-0.015,
1785837607.0,3798474306659077,BUY,0.8,109,,bitcoin-above-on-august-4-2026,-0.015,-0.015,
1785837607.0,3798474306659077,BUY,0.8,106,,bitcoin-above-on-august-4-2026,-0.015,-0.015,
1785837607.0,3798474306659077,BUY,0.8,89.03,,bitcoin-above-on-august-4-2026,-0.015,-0.015,
1785837607.0,2955576282086664,BUY,0.2,1040.03,11.64833,bitcoin-above-on-august-4-2026,0.015,0.015,
1785837607.0,2955576282086664,BUY,0.2,10,,bitcoin-above-on-august-4-2026,0.015,0.015,
1785837608.0,2955576282086664,BUY,0.19,998.94,,bitcoin-above-on-august-4-2026,0.005,0.005,
1785837608.0,2955576282086664,BUY,0.1900001337615685,1.345678,,bitcoin-above-on-august-4-2026,0.005,0.005,
1785837608.0,3798474306659077,BUY,0.8099998662384315,1.345678,0.01993,bitcoin-above-on-august-4-2026,-0.005,-0.005,
1785837608.0,3798474306659077,BUY,0.81,60,0.64638,bitcoin-above-on-august-4-2026,-0.005,-0.005,
1785837608.0,2955576282086664,BUY,0.19,45,,bitcoin-above-on-august-4-2026,0.005,0.005,
1785837608.0,2955576282086664,BUY,0.19,10,,bitcoin-above-on-august-4-2026,0.005,0.005,
1785837608.0,2955576282086664,BUY,0.19,5,,bitcoin-above-on-august-4-2026,0.005,0.005,
1785837609.0,3798474306659077,BUY,0.81,998.94,10.76158,bitcoin-above-on-august-4-2026,-0.005,-0.005,
1785837610.0,3798474306659077,BUY,0.81,10,,bitcoin-above-on-august-4-2026,-0.005,-0.005,
1785837610.0,2955576282086664,BUY,0.19,10,0.10773,bitcoin-above-on-august-4-2026,0.005,0.005,
1785837614.0,3798474306659077,BUY,0.81,10,,bitcoin-above-on-august-4-2026,-0.005,-0.005,
1785837614.0,2955576282086664,BUY,0.19,10,0.10773,bitcoin-above-on-august-4-2026,0.005,0.005,
1785837630.0,3798474306659077,BUY,0.81,10,0.10773,bitcoin-above-on-august-4-2026,-0.005,-0.005,
1785837630.0,2955576282086664,BUY,0.19,10,,bitcoin-above-on-august-4-2026,0.005,0.005,
1785837631.0,1106586146616324,SELL,0.998999997854349,318.318317,,ethereum-above-on-august-4-2026,-0.0015,-0.001,
1785837631.0,1106586146616324,BUY,0.998999997854349,318.318317,0.02226,ethereum-above-on-august-4-2026,0.0015,0.001,
1785837639.0,1106586146616324,SELL,0.9989999986237055,421.42142,,ethereum-above-on-august-4-2026,-0.001,-0.001,
1785837639.0,1106586146616324,BUY,0.9989999986237055,421.42142,0.02947,ethereum-above-on-august-4-2026,0.001,0.001,
1785837657.0,4317110822368379,BUY,0.989999992062162,112.121211,0.0777,what-price-will-bitcoin-hit-in-august-20,0.0015,0.0015,
1785837657.0,4317110822368379,SELL,0.989999992062162,112.121211,,what-price-will-bitcoin-hit-in-august-20,-0.0015,-0.0015,
1785837668.0,3449964554100081,BUY,0.88,9,0.06652,what-price-will-ethereum-hit-in-august-2,0.005,0.005,
1785837669.0,3449964554100081,SELL,0.88,9,,what-price-will-ethereum-hit-in-august-2,-0.005,-0.005,
1785837670.0,5331627612485878,SELL,0.5599997662607639,4.107141,,what-price-will-ethereum-hit-in-august-2,-0.005,-0.005,
1785837670.0,5331627612485878,BUY,0.5599997662607639,4.107141,0.07083,what-price-will-ethereum-hit-in-august-2,0.005,0.005,
1785837689.0,4785275913733382,BUY,0.9300000062654322,138.857141,,what-price-will-bitcoin-hit-before-2027,-0.005,,
1785837689.0,7484337358243248,BUY,0.0699999937345678,138.857141,0.63277,what-price-will-bitcoin-hit-before-2027,0.005,,
1785837702.0,4317110822368379,SELL,0.9899999955521739,139.393938,,what-price-will-bitcoin-hit-in-august-20,-0.0015,-0.001,
1785837702.0,4317110822368379,BUY,0.9899999955521739,139.393938,0.0966,what-price-will-bitcoin-hit-in-august-20,0.0015,0.001,
1785837725.0,4317110822368379,SELL,0.9899999922214285,113.131312,,what-price-will-bitcoin-hit-in-august-20,-0.0015,-0.001,
1785837725.0,4317110822368379,BUY,0.9899999922214285,113.131312,0.0784,what-price-will-bitcoin-hit-in-august-20,0.0015,0.001,
1785837739.0,8820335673330420,BUY,0.97,40,,ethereum-above-on-august-4-2026,0.0035,,
1785837739.0,1083467414936817,BUY,0.03,40,0.08148,ethereum-above-on-august-4-2026,-0.0035,,
1785837739.0,7991188434230575,BUY,0.025,40,0.06825,ethereum-above-on-august-4-2026,0.0065,,
1785837739.0,4162389165128916,BUY,0.975,40,,ethereum-above-on-august-4-2026,-0.0065,,
1785837739.0,1083467414936817,BUY,0.03925,80,0.21117,ethereum-above-on-august-4-2026,0.00575,,
1785837739.0,8820335673330420,BUY,0.961,60,,ethereum-above-on-august-4-2026,-0.0055,,
1785837739.0,8820335673330420,BUY,0.96,20,,ethereum-above-on-august-4-2026,-0.0065,,
1785837740.0,4162389165128916,BUY,0.975,69,,ethereum-above-on-august-4-2026,-0.0065,,
1785837740.0,7991188434230575,BUY,0.025,120,0.20475,ethereum-above-on-august-4-2026,0.0065,,
1785837740.0,8820335673330420,BUY,0.96,40,,ethereum-above-on-august-4-2026,-0.004,,
1785837740.0,1083467414936817,BUY,0.04,40,0.10752,ethereum-above-on-august-4-2026,0.004,,
1785837741.0,4162389165128916,BUY,0.975,51,,ethereum-above-on-august-4-2026,-0.0065,,
1785845109.0,3684243768532227,BUY,0.951,70,0.22833,bitcoin-above-on-august-5-2026,0.0005,0.0005,0.0005
1785845109.0,9249704107806445,BUY,0.049,70,,bitcoin-above-on-august-5-2026,-0.0005,-0.0005,-0.0005
1785845222.0,1083467414936817,BUY,0.07,40,,ethereum-above-on-august-4-2026,-0.01,-0.006,-0.01
1785845222.0,8820335673330420,SELL,0.93,13,,ethereum-above-on-august-4-2026,-0.015,-0.006,-0.01
1785845222.0,8820335673330420,BUY,0.93,53,0.24152,ethereum-above-on-august-4-2026,0.015,0.006,0.01
1785845233.0,7949989425384192,BUY,0.01,17,,bitcoin-above-on-august-4-2026,-0.0005,-0.0005,-0.0005
1785845233.0,1102656942679369,BUY,0.99,17,0.01178,bitcoin-above-on-august-4-2026,0.0005,0.0005,0.0005
1785845251.0,1102656942679369,SELL,0.989,68.01,0.05179,bitcoin-above-on-august-4-2026,0.0005,0.0005,0.0005
1785845251.0,7949989425384192,SELL,0.011,18,,bitcoin-above-on-august-4-2026,-0.0005,-0.0005,-0.0005
1785845251.0,1102656942679369,BUY,0.989,50.01,,bitcoin-above-on-august-4-2026,-0.0005,-0.0005,-0.0005
1785845265.0,5821909151454790,BUY,0.999,995,,ethereum-above-on-august-4-2026,-0.0005,-0.0005,-0.0005
1785845265.0,5821909151454790,BUY,0.999,5,,ethereum-above-on-august-4-2026,-0.0005,-0.0005,-0.0005
1785845279.0,7949989425384192,BUY,0.01,18,,bitcoin-above-on-august-4-2026,-0.0005,-0.0005,-0.0005
1785845279.0,3798474306659077,BUY,0.6199999913510233,106.370966,1.75426,bitcoin-above-on-august-4-2026,0.005,0.005,-0.02
1785845279.0,1102656942679369,BUY,0.99,18,0.01247,bitcoin-above-on-august-4-2026,0.0005,0.0005,0.0005
1785845279.0,3798474306659077,SELL,0.6199999913510233,106.370966,,bitcoin-above-on-august-4-2026,-0.005,-0.005,0.02
1785845292.0,4914847362878473,BUY,0.4400000746667065,2.67857,,bitcoin-above-on-august-5-2026,-0.01,-0.01,-0.005
1785845292.0,1064305500771294,BUY,0.5599999253332935,2.67857,0.04619,bitcoin-above-on-august-5-2026,0.01,0.01,0.005
1785845308.0,2707330300457255,SELL,0.52,29.41,0.51385,what-price-will-bitcoin-hit-in-august-20,0.005,0.005,0.005
1785845308.0,2707330300457255,BUY,0.5299999708256629,2.056602,0.0413,what-price-will-bitcoin-hit-in-august-20,0.005,0.005,0.005
1785845308.0,8890297437819588,BUY,0.4700000291743371,2.056602,,what-price-will-bitcoin-hit-in-august-20,-0.005,-0.005,-0.005
1785845308.0,2707330300457255,BUY,0.52,29.41,,what-price-will-bitcoin-hit-in-august-20,-0.005,-0.005,-0.005
1785845323.0,7949989425384192,BUY,0.01,19,,bitcoin-above-on-august-4-2026,-0.0005,-0.0005,-0.0005
1785845323.0,1102656942679369,BUY,0.99,19,0.01316,bitcoin-above-on-august-4-2026,0.0005,0.0005,0.0005
1785845329.0,1102656942679369,SELL,0.989,142.09,0.1082,bitcoin-above-on-august-4-2026,0.0005,0.0005,0.0005
1785845329.0,1102656942679369,BUY,0.989,142.09,,bitcoin-above-on-august-4-2026,-0.0005,-0.0005,-0.0005
1785845373.0,1102656942679369,BUY,0.99,25,0.01732,bitcoin-above-on-august-4-2026,0.0005,0.0005,0.0005
1785845373.0,7949989425384192,BUY,0.01,25,,bitcoin-above-on-august-4-2026,-0.0005,-0.0005,-0.0005
1785845378.0,2955576282086664,BUY,0.38,5,,bitcoin-above-on-august-4-2026,0.015,0.015,0.04
1785845379.0,2955576282086664,BUY,0.38,40,,bitcoin-above-on-august-4-2026,0.015,0.015,0.04
1785845379.0,3798474306659077,BUY,0.62,45,0.74214,bitcoin-above-on-august-4-2026,-0.015,-0.015,-0.04
1785845401.0,1067259194410080,BUY,0.89,37.1,,what-price-will-bitcoin-hit-before-2027,-0.005,-0.005,-0.005
1785845401.0,1067259194410080,BUY,0.89,2.9,,what-price-will-bitcoin-hit-before-2027,-0.005,-0.005,-0.005
1785845401.0,1067259194410080,SELL,0.89,40,0.27412,what-price-will-bitcoin-hit-before-2027,0.005,0.005,0.005
1785845410.0,7949989425384192,BUY,0.01,204.0404,,bitcoin-above-on-august-4-2026,-0.0005,-0.0005,-0.0005
1785845410.0,1102656942679369,BUY,0.99,204.0404,0.14139,bitcoin-above-on-august-4-2026,0.0005,0.0005,0.0005
1785845427.0,1102656942679369,BUY,0.99,27,0.01871,bitcoin-above-on-august-4-2026,0.0005,0.0005,0.0005
1785845427.0,7949989425384192,BUY,0.01,27,,bitcoin-above-on-august-4-2026,-0.0005,-0.0005,-0.0005
1785845427.0,2955576282086664,SELL,0.3533098882912702,120.85,2.35981,bitcoin-above-on-august-4-2026,0.00669,0.00169,-0.01331
1785845427.0,2955576282086664,BUY,0.36,40,,bitcoin-above-on-august-4-2026,0.0,0.005,0.02
1785845427.0,3798474306659077,SELL,0.65,80.85,,bitcoin-above-on-august-4-2026,-0.01,-0.005,0.01
1785845439.0,9919340269878615,SELL,0.948,6.47,,what-price-will-bitcoin-hit-in-august-20,-0.0005,-0.0005,-0.0005
1785845439.0,9919340269878615,BUY,0.948,6.47,0.02232,what-price-will-bitcoin-hit-in-august-20,0.0005,0.0005,0.0005
1785845472.0,7949989425384192,BUY,0.01,22,,bitcoin-above-on-august-4-2026,-0.0005,-0.0005,-0.0005
1785845472.0,1102656942679369,BUY,0.99,22,0.01524,bitcoin-above-on-august-4-2026,0.0005,0.0005,0.0005
1785845536.0,1102656942679369,BUY,0.99,26,0.01801,bitcoin-above-on-august-4-2026,0.0005,0.0005,0.0005
1785845536.0,7949989425384192,BUY,0.01,26,,bitcoin-above-on-august-4-2026,-0.0005,-0.0005,-0.0005
1785845564.0,7949989425384192,BUY,0.01,0.08,,bitcoin-above-on-august-4-2026,-0.0005,-0.0005,-0.0005
1785845564.0,3798474306659077,SELL,0.63,2.56,0.04177,bitcoin-above-on-august-4-2026,0.005,0.01,0.03
1785845564.0,1102656942679369,BUY,0.99,30.303,0.02099,bitcoin-above-on-august-4-2026,0.0005,0.0005,0.0005
1785845564.0,7949989425384192,BUY,0.01,30.223,,bitcoin-above-on-august-4-2026,-0.0005,-0.0005,-0.0005
1785845565.0,3798474306659077,BUY,0.63,2.56,,bitcoin-above-on-august-4-2026,-0.005,-0.01,-0.03
1785845594.0,1825839575504139,BUY,0.002,101,,what-price-will-bitcoin-hit-in-august-20,-0.0005,-0.0005,-0.0005
1785845594.0,1147273166281728,BUY,0.998,101,0.01411,what-price-will-bitcoin-hit-in-august-20,0.0005,0.0005,0.0005
1785845611.0,1102656942679369,BUY,0.99,31,0.02148,bitcoin-above-on-august-4-2026,0.0005,0.0005,0.0005
1785845611.0,7949989425384192,BUY,0.01,31,,bitcoin-above-on-august-4-2026,-0.0005,-0.0005,-0.0005
1785845656.0,4868028037917891,BUY,0.999,1000,,bitcoin-above-on-august-4-2026,-0.0005,-0.0005,
1785845669.0,7949989425384192,BUY,0.01,33,,bitcoin-above-on-august-4-2026,-0.0005,-0.0005,-0.0005
1785845669.0,1102656942679369,BUY,0.99,33,0.02286,bitcoin-above-on-august-4-2026,0.0005,0.0005,0.0005
1785845736.0,3333327355462650,SELL,0.15,1391.75,12.42136,what-price-will-bitcoin-hit-in-august-20,0.01,0.01,0.01
1785845736.0,3333327355462650,BUY,0.15,480,,what-price-will-bitcoin-hit-in-august-20,-0.01,-0.01,-0.01
1785845736.0,3333327355462650,BUY,0.15,911.75,,what-price-will-bitcoin-hit-in-august-20,-0.01,-0.01,-0.01
1785845765.0,7949989425384192,BUY,0.01,23.99,,bitcoin-above-on-august-4-2026,-0.0005,-0.0005,-0.0005
1785845765.0,1102656942679369,BUY,0.99,23.99,0.01662,bitcoin-above-on-august-4-2026,0.0005,0.0005,0.0005
1785845771.0,1102656942679369,BUY,0.989,53.67,,bitcoin-above-on-august-4-2026,-0.0005,-0.0005,-0.0005
1785845771.0,1102656942679369,BUY,0.989,110,,bitcoin-above-on-august-4-2026,-0.0005,-0.0005,-0.0005
1785845771.0,1102656942679369,BUY,0.989,108,,bitcoin-above-on-august-4-2026,-0.0005,-0.0005,-0.0005
1785845771.0,1102656942679369,BUY,0.989,109,,bitcoin-above-on-august-4-2026,-0.0005,-0.0005,-0.0005
1785845771.0,1102656942679369,BUY,0.989,200,,bitcoin-above-on-august-4-2026,-0.0005,-0.0005,-0.0005
1785845771.0,1102656942679369,BUY,0.989,101,,bitcoin-above-on-august-4-2026,-0.0005,-0.0005,-0.0005
1785845771.0,1102656942679369,BUY,0.989,100,,bitcoin-above-on-august-4-2026,-0.0005,-0.0005,-0.0005
1785845771.0,1102656942679369,BUY,0.989,104,,bitcoin-above-on-august-4-2026,-0.0005,-0.0005,-0.0005
1785845771.0,1102656942679369,BUY,0.989,105,,bitcoin-above-on-august-4-2026,-0.0005,-0.0005,-0.0005
1785845771.0,1102656942679369,BUY,0.989,102,,bitcoin-above-on-august-4-2026,-0.0005,-0.0005,-0.0005
1785845771.0,1102656942679369,BUY,0.989,103,,bitcoin-above-on-august-4-2026,-0.0005,-0.0005,-0.0005
1785845771.0,7949989425384192,BUY,0.0110000000081053,1727.272726,1.31536,bitcoin-above-on-august-4-2026,0.0005,0.0005,0.0005
1785845771.0,1102656942679369,BUY,0.9890001296903242,7.602726,,bitcoin-above-on-august-4-2026,-0.0005,-0.0005,-0.0005
1785845772.0,1064932851422783,SELL,0.999,2.96,0.0002,bitcoin-above-on-august-4-2026,0.0005,0.0005,0.0005
1785845772.0,1064932851422783,BUY,0.999,2.96,,bitcoin-above-on-august-4-2026,-0.0005,-0.0005,-0.0005
1785845782.0,2955576282086664,SELL,0.34,12.22,0.19195,bitcoin-above-on-august-4-2026,0.015,0.015,-0.0
1785845782.0,3798474306659077,SELL,0.66,12.22,,bitcoin-above-on-august-4-2026,-0.015,-0.015,0.0
1785845787.0,1064305500771294,BUY,0.56,8.68,0.14971,bitcoin-above-on-august-5-2026,-0.005,-0.005,-0.005
1785845788.0,4914847362878473,BUY,0.44,8.68,,bitcoin-above-on-august-5-2026,0.005,0.005,0.005
1785845788.0,1106586146616324,SELL,0.999,24.82,0.00173,ethereum-above-on-august-4-2026,0.0005,0.0005,0.0005
1785845788.0,1106586146616324,BUY,0.999,24.82,,ethereum-above-on-august-4-2026,-0.0005,-0.0005,-0.0005
1785845801.0,1034172286432846,BUY,0.974,110,,what-price-will-bitcoin-hit-in-august-20,-0.0005,-0.0005,0.0
1785845801.0,1034172286432846,BUY,0.974,101,,what-price-will-bitcoin-hit-in-august-20,-0.0005,-0.0005,0.0
1785845801.0,9436872649120984,SELL,0.026,50,,what-price-will-bitcoin-hit-in-august-20,-0.0005,-0.0005,0.0
1785845801.0,1034172286432846,BUY,0.974,100,,what-price-will-bitcoin-hit-in-august-20,-0.0005,-0.0005,0.0
1785845801.0,1034172286432846,BUY,0.974,103,,what-price-will-bitcoin-hit-in-august-20,-0.0005,-0.0005,0.0
1785845801.0,9436872649120984,BUY,0.026,464,0.82252,what-price-will-bitcoin-hit-in-august-20,0.0005,0.0005,-0.0
1785845803.0,1102656942679369,BUY,0.99,30.303,0.02099,bitcoin-above-on-august-4-2026,0.0005,0.0005,0.0005
1785845803.0,7949989425384192,BUY,0.01,30.303,,bitcoin-above-on-august-4-2026,-0.0005,-0.0005,-0.0005
1785845817.0,1102656942679369,BUY,0.99,22,0.01524,bitcoin-above-on-august-4-2026,0.0005,0.0005,0.0005
1785845817.0,7949989425384192,BUY,0.01,22,,bitcoin-above-on-august-4-2026,-0.0005,-0.0005,-0.0005
1785845824.0,6136894312825528,BUY,0.02,117.3469,,what-price-will-bitcoin-hit-before-2027,-0.0005,-0.0005,-0.0005
1785845824.0,9699347185440015,BUY,0.98,117.3469,0.16099,what-price-will-bitcoin-hit-before-2027,0.0005,0.0005,0.0005
1785845827.0,7991188434230575,BUY,0.015,59.7,,ethereum-above-on-august-4-2026,0.001,0.001,0.0015
1785845827.0,7991188434230575,BUY,0.011,111,,ethereum-above-on-august-4-2026,-0.003,-0.003,-0.0025
1785845827.0,4162389165128916,SELL,0.9889998751695755,4.718401,,ethereum-above-on-august-4-2026,-0.003,-0.003,-0.0025
1785845827.0,7991188434230575,BUY,0.015,55.3,0.05719,ethereum-above-on-august-4-2026,0.001,0.001,0.0015
1785845827.0,4162389165128916,BUY,0.9876386799352938,175.418401,0.14991,ethereum-above-on-august-4-2026,0.00164,0.00164,0.00114
1785845827.0,1388798355112986,SELL,0.37,10,,what-price-will-bitcoin-hit-before-2027,0.0,0.005,0.005
1785845827.0,1388798355112986,BUY,0.37,49.99,0.81568,what-price-will-bitcoin-hit-before-2027,0.0,-0.005,-0.005
1785845827.0,1388798355112986,SELL,0.37,24.99,,what-price-will-bitcoin-hit-before-2027,0.0,0.005,0.005
1785845827.0,4183266428584583,BUY,0.63,15,,what-price-will-bitcoin-hit-before-2027,0.0,0.005,0.005
1785845827.0,4162389165128916,BUY,0.985,5.1,,ethereum-above-on-august-4-2026,-0.001,-0.001,-0.0015
1785845827.0,4162389165128916,BUY,0.985,40,,ethereum-above-on-august-4-2026,-0.001,-0.001,-0.0015
1785845827.0,4162389165128916,BUY,0.985,10.2,,ethereum-above-on-august-4-2026,-0.001,-0.001,-0.0015
1785845831.0,7991188434230575,BUY,0.011,52.44,,ethereum-above-on-august-4-2026,-0.003,-0.003,-0.0025
1785845831.0,4162389165128916,BUY,0.989,52.44,0.03993,ethereum-above-on-august-4-2026,0.003,0.003,0.0025
1785845835.0,4884925241622252,BUY,0.43,200,,what-price-will-bitcoin-hit-before-2027,0.0,0.0,0.005
1785845835.0,1154620873369832,BUY,0.57,200,3.4314,what-price-will-bitcoin-hit-before-2027,-0.0,-0.0,-0.005
1785845840.0,1859980792667910,BUY,0.996,843.48,0.23522,bitcoin-above-on-august-5-2026,0.0,0.0005,
1785845840.0,8272951224977196,BUY,0.004,104,,bitcoin-above-on-august-5-2026,0.0,-0.0005,
1785845840.0,1859980792667910,SELL,0.996,127,,bitcoin-above-on-august-5-2026,0.0,-0.0005,
1785845840.0,1859980792667910,SELL,0.996,102,,bitcoin-above-on-august-5-2026,0.0,-0.0005,
1785845840.0,1859980792667910,SELL,0.996,103,,bitcoin-above-on-august-5-2026,0.0,-0.0005,
1785845840.0,1859980792667910,SELL,0.996,101,,bitcoin-above-on-august-5-2026,0.0,-0.0005,
1785845840.0,8272951224977196,BUY,0.004,95.48,,bitcoin-above-on-august-5-2026,0.0,-0.0005,
1785845840.0,1859980792667910,SELL,0.996,110,,bitcoin-above-on-august-5-2026,0.0,-0.0005,
1785845848.0,5331627612485878,BUY,0.57,4.75,,what-price-will-ethereum-hit-in-august-2,-0.01,-0.01,-0.02
1785845848.0,5331627612485878,SELL,0.57,4.75,0.08149,what-price-will-ethereum-hit-in-august-2,0.01,0.01,0.02
1785845855.0,3798474306659077,BUY,0.65,50,0.79625,bitcoin-above-on-august-4-2026,-0.01,-0.005,0.0
1785845856.0,2955576282086664,BUY,0.35,50,,bitcoin-above-on-august-4-2026,0.01,0.005,0.0
1785845857.0,1859980792667910,SELL,0.996,100,,bitcoin-above-on-august-5-2026,-0.0005,-0.0005,
1785845857.0,8272951224977196,BUY,0.004,105,,bitcoin-above-on-august-5-2026,-0.0005,-0.0005,
1785845857.0,1859980792667910,BUY,0.996,842,0.23481,bitcoin-above-on-august-5-2026,0.0005,0.0005,
1785845857.0,1859980792667910,SELL,0.996,110,,bitcoin-above-on-august-5-2026,-0.0005,-0.0005,
1785845857.0,1859980792667910,SELL,0.996,105,,bitcoin-above-on-august-5-2026,-0.0005,-0.0005,
1785845857.0,1859980792667910,SELL,0.996,97,,bitcoin-above-on-august-5-2026,-0.0005,-0.0005,
1785845857.0,1859980792667910,SELL,0.996,107,,bitcoin-above-on-august-5-2026,-0.0005,-0.0005,
1785845857.0,1859980792667910,SELL,0.996,108,,bitcoin-above-on-august-5-2026,-0.0005,-0.0005,
1785845860.0,1102656942679369,BUY,0.99,22,0.01524,bitcoin-above-on-august-4-2026,0.0005,0.0005,0.0005
1785845860.0,7949989425384192,BUY,0.01,22,,bitcoin-above-on-august-4-2026,-0.0005,-0.0005,-0.0005
1785845862.0,4868028037917891,BUY,0.999,1000,,bitcoin-above-on-august-4-2026,-0.0005,-0.0005,
1785845872.0,9076837713448521,BUY,0.5,5,,what-price-will-bitcoin-hit-in-august-20,-0.005,-0.005,-0.005
1785845872.0,9076837713448521,SELL,0.5,5,0.0875,what-price-will-bitcoin-hit-in-august-20,0.005,0.005,0.005
1785845894.0,6817966357298377,SELL,0.44,5,0.08624,what-price-will-ethereum-hit-in-august-2,0.005,0.01,
1785845894.0,6817966357298377,BUY,0.44,5,,what-price-will-ethereum-hit-in-august-2,-0.005,-0.01,
1785845899.0,2955576282086664,BUY,0.3400000264000065,5.303029,,bitcoin-above-on-august-4-2026,-0.005,0.0,-0.015
1785845899.0,3798474306659077,BUY,0.6599999735999935,5.303029,0.08329,bitcoin-above-on-august-4-2026,0.005,-0.0,0.015
1785845905.0,7949989425384192,BUY,0.01,21,,bitcoin-above-on-august-4-2026,-0.0005,-0.0005,-0.0005
1785845905.0,1102656942679369,BUY,0.99,21,0.01455,bitcoin-above-on-august-4-2026,0.0005,0.0005,0.0005
1785845930.0,1034172286432846,BUY,0.9740000123500003,76.923075,,what-price-will-bitcoin-hit-in-august-20,-0.0005,-0.0005,
1785845930.0,9436872649120984,BUY,0.0259999876499997,76.923075,0.13635,what-price-will-bitcoin-hit-in-august-20,0.0005,0.0005,
1785845931.0,8374818003753435,BUY,0.16,10.94,0.10292,what-price-will-bitcoin-hit-in-august-20,-0.005,-0.005,
1785845931.0,8434073108761445,BUY,0.84,10.94,,what-price-will-bitcoin-hit-in-august-20,0.005,0.005,
1785845938.0,1102656942679369,BUY,0.99,30.303,0.02099,bitcoin-above-on-august-4-2026,0.0005,0.0005,
1785845938.0,7949989425384192,BUY,0.01,30.303,,bitcoin-above-on-august-4-2026,-0.0005,-0.0005,
1785845947.0,7949989425384192,BUY,0.01,22,,bitcoin-above-on-august-4-2026,-0.0005,-0.0005,
1785845947.0,1102656942679369,BUY,0.99,22,0.01524,bitcoin-above-on-august-4-2026,0.0005,0.0005,
1785845950.0,1106586146616324,BUY,0.999,41.08,,ethereum-above-on-august-4-2026,-0.0005,-0.0005,
1785845950.0,4162389165128916,BUY,0.989,41.08,0.03128,ethereum-above-on-august-4-2026,0.0035,0.003,
1785845950.0,3798474306659077,BUY,0.66,7,,bitcoin-above-on-august-4-2026,-0.005,-0.005,
1785845950.0,7991188434230575,BUY,0.011,41.08,,ethereum-above-on-august-4-2026,-0.0035,-0.003,
1785845950.0,2955576282086664,BUY,0.34,7,0.10995,bitcoin-above-on-august-4-2026,0.005,0.005,
1785845970.0,8434073108761445,SELL,0.8399999395199802,5.952379,,what-price-will-bitcoin-hit-in-august-20,-0.005,-0.01,
1785845970.0,8434073108761445,BUY,0.8399999395199802,5.952379,0.05599,what-price-will-bitcoin-hit-in-august-20,0.005,0.01,
1785845991.0,9919340269878615,BUY,0.947,7.52,,what-price-will-bitcoin-hit-in-august-20,-0.0005,-0.0005,
1785845991.0,9919340269878615,SELL,0.947,7.52,0.02642,what-price-will-bitcoin-hit-in-august-20,0.0005,0.0005,
1785845993.0,7949989425384192,BUY,0.01,22,,bitcoin-above-on-august-4-2026,-0.0005,-0.0005,
1785845993.0,1102656942679369,BUY,0.99,22,0.01524,bitcoin-above-on-august-4-2026,0.0005,0.0005,
1785845995.0,8434073108761445,BUY,0.82,103,,what-price-will-bitcoin-hit-in-august-20,-0.01,-0.005,
1785845995.0,8374818003753435,SELL,0.17,12,,what-price-will-bitcoin-hit-in-august-20,-0.0,0.005,
1785845995.0,8434073108761445,BUY,0.82,102,,what-price-will-bitcoin-hit-in-august-20,-0.01,-0.005,
1785845995.0,8434073108761445,BUY,0.82,490,,what-price-will-bitcoin-hit-in-august-20,-0.01,-0.005,
1785845995.0,8434073108761445,BUY,0.81,174,,what-price-will-bitcoin-hit-in-august-20,-0.02,-0.015,
1785845995.0,8374818003753435,SELL,0.18,6,,what-price-will-bitcoin-hit-in-august-20,-0.01,-0.005,
1785845995.0,8434073108761445,BUY,0.82,113,,what-price-will-bitcoin-hit-in-august-20,-0.01,-0.005,
1785845995.0,8374818003753435,BUY,0.18162,1000,10.40439,what-price-will-bitcoin-hit-in-august-20,0.01162,0.00662,
1785846016.0,4402089414342929,SELL,0.96,2.71,0.00728,what-price-will-bitcoin-hit-before-2027,0.002,0.002,
1785846016.0,5890816029989553,SELL,0.04,2.71,,what-price-will-bitcoin-hit-before-2027,-0.002,-0.002,
1785846028.0,6309330581531068,BUY,0.994,30,,bitcoin-above-on-august-4-2026,0.001,0.001,
1785846028.0,6309330581531068,BUY,0.993,161.28,,bitcoin-above-on-august-4-2026,0.0,0.0,
1785846028.0,6309330581531068,BUY,0.9910000254352317,38.804443,,bitcoin-above-on-august-4-2026,-0.002,-0.002,
1785846028.0,6309330581531068,BUY,0.994,5,,bitcoin-above-on-august-4-2026,0.001,0.001,
1785846028.0,6309330581531068,BUY,0.992,82.22,,bitcoin-above-on-august-4-2026,-0.001,-0.001,
1785846028.0,6309330581531068,BUY,0.994,301.67,,bitcoin-above-on-august-4-2026,0.001,0.001,
1785846028.0,6309330581531068,BUY,0.992,400,,bitcoin-above-on-august-4-2026,-0.001,-0.001,
1785846028.0,1090994452379897,BUY,0.0069203411672181,1349.644443,0.64927,bitcoin-above-on-august-4-2026,-8e-05,-8e-05,
1785846028.0,6309330581531068,BUY,0.994,29,,bitcoin-above-on-august-4-2026,0.001,0.001,
1785846034.0,9699347185440015,SELL,0.9799998535024914,5.870407,,what-price-will-bitcoin-hit-before-2027,-0.0005,-0.0005,
1785846035.0,6136894312825528,BUY,0.02,31.03,,what-price-will-bitcoin-hit-before-2027,-0.0005,-0.0005,
1785846035.0,9699347185440015,BUY,0.9799999831439996,51.020407,0.07,what-price-will-bitcoin-hit-before-2027,0.0005,0.0005,
1785846035.0,9699347185440015,SELL,0.98,14.12,,what-price-will-bitcoin-hit-before-2027,-0.0005,-0.0005,
1785846052.0,1396280659352613,SELL,0.24,141.73,1.8096,what-price-will-bitcoin-hit-in-august-20,0.005,0.005,
1785846052.0,1396280659352613,BUY,0.24,141.73,,what-price-will-bitcoin-hit-in-august-20,-0.005,-0.005,
1785846060.0,7949989425384192,BUY,0.01,30.303,,bitcoin-above-on-august-4-2026,-0.0005,-0.0005,
1785846060.0,1102656942679369,BUY,0.99,30.303,0.02099,bitcoin-above-on-august-4-2026,0.0005,0.0005,
1785846065.0,7949989425384192,BUY,0.01,1.0101,,bitcoin-above-on-august-4-2026,-0.0005,-0.0005,
1785846066.0,1102656942679369,BUY,0.99,1.0101,0.00568,bitcoin-above-on-august-4-2026,0.0005,0.0005,
1785846069.0,1102656942679369,BUY,0.99,22,0.01524,bitcoin-above-on-august-4-2026,0.0005,0.0005,
1785846069.0,7949989425384192,BUY,0.01,22,,bitcoin-above-on-august-4-2026,-0.0005,-0.0005,
1785846073.0,1147273166281728,SELL,0.997,101,0.02114,what-price-will-bitcoin-hit-in-august-20,0.0005,0.0005,
1785846074.0,1825839575504139,SELL,0.003,101,,what-price-will-bitcoin-hit-in-august-20,-0.0005,-0.0005,
1785846090.0,1083467414936817,BUY,0.07,40,,ethereum-above-on-august-4-2026,-0.0005,-0.0045,
1785846090.0,8820335673330420,SELL,0.937999861979971,5.970148,,ethereum-above-on-august-4-2026,-0.0085,-0.0125,
1785846090.0,8820335673330420,BUY,0.9305555458622684,85.970148,0.38888,ethereum-above-on-august-4-2026,0.00106,0.00506,
1785846090.0,8820335673330420,SELL,0.93,40,,ethereum-above-on-august-4-2026,-0.0005,-0.0045,
1785846110.0,1083467414936817,BUY,0.0600000308198227,0.648933,,ethereum-above-on-august-4-2026,-0.0145,-0.0145,
1785846110.0,8820335673330420,BUY,0.9390609369032559,10.648933,0.04265,ethereum-above-on-august-4-2026,0.01356,0.01356,
1785846110.0,1083467414936817,BUY,0.061,10,,ethereum-above-on-august-4-2026,-0.0135,-0.0135,
1785846112.0,1022706502257978,BUY,0.016,1250,1.3776,what-price-will-bitcoin-hit-in-august-20,0.002,0.002,
1785846112.0,7949989425384192,BUY,0.01,22,,bitcoin-above-on-august-4-2026,-0.0005,-0.0005,
1785846112.0,1102656942679369,BUY,0.99,22,0.01524,bitcoin-above-on-august-4-2026,0.0005,0.0005,
1785846112.0,6447863530315865,BUY,0.984,606.33,,what-price-will-bitcoin-hit-in-august-20,-0.002,-0.002,
1785846112.0,6447863530315865,BUY,0.984,274.67,,what-price-will-bitcoin-hit-in-august-20,-0.002,-0.002,
1785846112.0,6447863530315865,BUY,0.984,369,,what-price-will-bitcoin-hit-in-august-20,-0.002,-0.002,
1785846196.0,4255890554350661,BUY,0.16,300,2.8224,what-price-will-bitcoin-hit-before-2027,-0.005,,
1785846196.0,6992462212774334,BUY,0.84,100,,what-price-will-bitcoin-hit-before-2027,0.005,,
1785846196.0,6992462212774334,BUY,0.84,200,,what-price-will-bitcoin-hit-before-2027,0.005,,
1785846200.0,3684243768532227,BUY,0.95,8.8,,bitcoin-above-on-august-5-2026,0.0,,
1785846200.0,9249704107806445,BUY,0.0536727399137335,93.157141,0.33121,bitcoin-above-on-august-5-2026,0.00367,,
1785846200.0,3684243768532227,BUY,0.946,82,,bitcoin-above-on-august-5-2026,-0.004,,
1785846201.0,9249704107806445,SELL,0.0559996198784884,2.357141,,bitcoin-above-on-august-5-2026,-0.005,,
1785846209.0,1102656942679369,BUY,0.99,22,0.01524,bitcoin-above-on-august-4-2026,0.0005,,
1785846209.0,7949989425384192,BUY,0.01,22,,bitcoin-above-on-august-4-2026,-0.0005,,
