ts,q,type,net_edge,react_ms
2026-08-03T21:49:51.852+00:00,"Will the price of Bitcoin be above $62,000 on Augu",SELL-BOTH,0.003,0.1
2026-08-09T15:47:15.282+00:00,Bitcoin Up or Down on August 9?,SELL-BOTH,0.0069,0.1
2026-08-09T15:47:16.915+00:00,Bitcoin Up or Down on August 9?,BUY-BOTH,0.005,0.1
2026-08-10T00:11:10.832+00:00,"Will Bitcoin reach $66,000 August 3-9?",SELL-BOTH,0.0021,0.1
2026-08-13T06:08:22.820+00:00,Clarity Act (H.R.3633) signed into law in 2026?,BUY-BOTH,0.0385,0.1
2026-08-13T06:08:22.820+00:00,Clarity Act (H.R.3633) signed into law in 2026?,SELL-BOTH,0.0385,0.1
2026-08-13T06:08:22.890+00:00,Clarity Act (H.R.3633) signed into law in 2026?,SELL-BOTH,0.0385,0.1
2026-08-13T06:08:22.890+00:00,Clarity Act (H.R.3633) signed into law in 2026?,SELL-BOTH,0.0385,0.1
2026-08-13T06:08:22.890+00:00,Clarity Act (H.R.3633) signed into law in 2026?,SELL-BOTH,0.0385,0.0
2026-08-13T06:08:22.890+00:00,Clarity Act (H.R.3633) signed into law in 2026?,SELL-BOTH,0.0385,0.0
2026-08-13T06:08:22.941+00:00,Clarity Act (H.R.3633) signed into law in 2026?,SELL-BOTH,0.0385,0.1
2026-08-13T06:08:22.941+00:00,Clarity Act (H.R.3633) signed into law in 2026?,SELL-BOTH,0.0385,0.1
2026-08-13T06:08:23.025+00:00,Clarity Act (H.R.3633) signed into law in 2026?,SELL-BOTH,0.0385,0.1
2026-08-13T06:08:23.025+00:00,Clarity Act (H.R.3633) signed into law in 2026?,SELL-BOTH,0.0385,0.1
2026-08-13T06:08:23.025+00:00,Clarity Act (H.R.3633) signed into law in 2026?,SELL-BOTH,0.0385,0.0
2026-08-13T06:08:23.025+00:00,Clarity Act (H.R.3633) signed into law in 2026?,SELL-BOTH,0.0385,0.0
2026-08-13T06:08:23.813+00:00,Clarity Act (H.R.3633) signed into law in 2026?,SELL-BOTH,0.0385,0.1
2026-08-13T06:08:23.813+00:00,Clarity Act (H.R.3633) signed into law in 2026?,SELL-BOTH,0.0385,0.1
2026-08-13T06:08:24.900+00:00,Clarity Act (H.R.3633) signed into law in 2026?,SELL-BOTH,0.0385,0.1
2026-08-16T08:52:54.346+00:00,"Will the price of Bitcoin be above $62,000 on Augu",SELL-BOTH,0.0029,0.1
2026-09-03T12:49:59.559+00:00,"Will the price of Bitcoin be above $80,000 on Sept",BUY-BOTH,0.0046,0.1
2026-09-09T16:00:27.947+00:00,LAPTOP FDV above $1B one day after launch?,SELL-BOTH,0.0068,0.1
2026-09-09T16:01:51.319+00:00,LAPTOP FDV above $3B one day after launch?,SELL-BOTH,0.0149,0.1
2026-09-10T00:04:40.640+00:00,LAPTOP FDV above $1.5B one day after launch?,SELL-BOTH,0.018,0.1
2026-09-10T00:05:22.275+00:00,LAPTOP FDV above $1.5B one day after launch?,SELL-BOTH,0.0028,0.1
2026-09-10T00:05:34.313+00:00,LAPTOP FDV above $250M one day after launch?,BUY-BOTH,0.0404,0.1
2026-09-10T00:10:31.065+00:00,LAPTOP FDV above $750M one day after launch?,BUY-BOTH,0.006,0.0
2026-09-21T08:38:47.654+00:00,"Will the price of Bitcoin be above $82,000 on Sept",BUY-BOTH,0.0185,0.1
2026-09-21T08:38:50.104+00:00,"Will Bitcoin reach $85,000 in September?",SELL-BOTH,0.0273,0.1
2026-09-30T13:36:47.445+00:00,"Will Bitcoin reach $90,000 in September?",SELL-BOTH,0.0033,0.1
2026-10-01T15:46:19.277+00:00,"Will the price of Bitcoin be above $84,000 on Octo",SELL-BOTH,0.0166,0.1
2026-10-01T15:48:12.306+00:00,"Will the price of Bitcoin be above $84,000 on Octo",SELL-BOTH,0.0138,0.1
2026-10-01T15:48:46.895+00:00,"Will the price of Bitcoin be above $84,000 on Octo",SELL-BOTH,0.0042,0.0
2026-10-01T15:58:27.040+00:00,"Will the price of Bitcoin be above $84,000 on Octo",SELL-BOTH,0.0079,0.1
2026-10-01T15:58:39.374+00:00,"Will the price of Bitcoin be above $84,000 on Octo",BUY-BOTH,0.004,0.1
2026-10-05T09:26:52.273+00:00,"Will the price of Bitcoin be above $82,000 on Octo",BUY-BOTH,0.0029,0.1
2026-10-05T09:27:17.180+00:00,"Will the price of Bitcoin be above $82,000 on Octo",SELL-BOTH,0.005,0.1
2026-10-05T09:32:59.298+00:00,"Will the price of Bitcoin be above $80,000 on Octo",SELL-BOTH,0.0025,0.1
2026-10-05T09:34:10.713+00:00,"Will the price of Bitcoin be above $82,000 on Octo",BUY-BOTH,0.004,0.1
2026-10-05T09:37:18.779+00:00,"Will the price of Bitcoin be above $82,000 on Octo",BUY-BOTH,0.0029,0.1
2026-10-05T09:39:44.746+00:00,"Will the price of Bitcoin be above $82,000 on Octo",BUY-BOTH,0.004,0.1
2026-10-05T09:40:12.778+00:00,"Will the price of Bitcoin be above $82,000 on Octo",SELL-BOTH,0.0033,0.1
2026-10-05T09:40:35.850+00:00,"Will the price of Bitcoin be above $82,000 on Octo",BUY-BOTH,0.0061,0.1
2026-10-05T09:41:01.254+00:00,"Will the price of Bitcoin be above $82,000 on Octo",SELL-BOTH,0.0029,0.1
2026-10-05T09:41:43.256+00:00,"Will the price of Bitcoin be above $82,000 on Octo",SELL-BOTH,0.0022,0.1
2026-10-05T09:42:47.834+00:00,"Will the price of Bitcoin be above $82,000 on Octo",SELL-BOTH,0.0021,0.1
2026-10-05T09:46:50.951+00:00,"Will the price of Bitcoin be above $82,000 on Octo",BUY-BOTH,0.0069,0.1
2026-10-05T09:48:02.599+00:00,"Will the price of Bitcoin be above $84,000 on Octo",BUY-BOTH,0.0023,0.1
2026-10-06T14:29:16.726+00:00,"Will the price of Bitcoin be above $84,000 on Octo",SELL-BOTH,0.0021,0.1
