ts,key,kalshi,poly_q,kalshi_parse,poly_parse,confidence,kalshi_bid,kalshi_ask,poly_bid,poly_ask,basis_sell_kalshi,basis_sell_poly,best_basis
2026-09-01T01:20:27+00:00,F|cut|50plus|2026-09,KXFEDDECISION-26SEP-C26,Will the Fed decrease interest rates by 50+ bps after the September 2026 meeting?,FED|cut|50plus|2026-09,FED|cut|50plus|2026-09,equiv_25bp_grid,0.0,0.01,0.002,0.003,,-0.008,-0.008
2026-09-01T01:20:27+00:00,F|cut|25|2026-09,KXFEDDECISION-26SEP-C25,Will the Fed decrease interest rates by 25 bps after the September 2026 meeting?,FED|cut|25|2026-09,FED|cut|25|2026-09,exact,0.0,0.01,0.005,0.006,,-0.005,-0.005
2026-09-01T01:20:27+00:00,F|nochange|0|2026-09,KXFEDDECISION-26SEP-H0,Will there be no change in Fed interest rates after the September 2026 meeting?,FED|nochange|0|2026-09,FED|nochange|0|2026-09,exact,0.41,0.42,0.43,0.44,-0.03,0.01,0.01
2026-09-01T01:20:27+00:00,F|hike|25|2026-09,KXFEDDECISION-26SEP-H25,Will the Fed increase interest rates by 25 bps after the September 2026 meeting?,FED|hike|25|2026-09,FED|hike|25|2026-09,exact,0.57,0.58,0.54,0.55,0.02,-0.04,0.02
2026-09-01T01:20:27+00:00,F|hike|50plus|2026-09,KXFEDDECISION-26SEP-H26,Will the Fed increase interest rates by 50+ bps after the September 2026 meeting?,FED|hike|50plus|2026-09,FED|hike|50plus|2026-09,equiv_25bp_grid,0.01,0.02,0.006,0.007,0.003,-0.014,0.003
2026-09-01T01:20:27+00:00,C|BTC|up|100000.0,KXBTCMAXMON-BTC-26AUG31-10000000,"Will Bitcoin reach $100,000 in August?",BTC|up|100000.0|2026-08-31,BTC|up|100000.0|2026-09-01,deadline_1d,0.0,0.01,,0.001,,,
2026-09-01T01:20:27+00:00,C|BTC|up|85000.0,KXBTCMAXMON-BTC-26AUG31-8500000,"Will Bitcoin reach $85,000 in August?",BTC|up|85000.0|2026-08-31,BTC|up|85000.0|2026-09-01,deadline_1d,0.0,0.01,,0.001,,,
2026-09-01T01:20:27+00:00,C|BTC|up|82500.0,KXBTCMAXMON-BTC-26AUG31-8250000,"Will Bitcoin reach $82,500 in August?",BTC|up|82500.0|2026-08-31,BTC|up|82500.0|2026-09-01,deadline_1d,0.0,0.01,0.003,0.005,,-0.007,-0.007
2026-09-01T01:20:27+00:00,C|BTC|up|87500.0,KXBTCMAXMON-BTC-26AUG31-8750000,"Will Bitcoin reach $87,500 in August?",BTC|up|87500.0|2026-08-31,BTC|up|87500.0|2026-09-01,deadline_1d,0.0,0.01,,0.001,,,
2026-09-01T01:20:27+00:00,C|BTC|up|90000.0,KXBTCMAXMON-BTC-26AUG31-9000000,"Will Bitcoin reach $90,000 in August?",BTC|up|90000.0|2026-08-31,BTC|up|90000.0|2026-09-01,deadline_1d,0.0,0.01,,0.001,,,
2026-09-01T01:20:27+00:00,C|BTC|up|92500.0,KXBTCMAXMON-BTC-26AUG31-9250000,"Will Bitcoin reach $92,500 in August?",BTC|up|92500.0|2026-08-31,BTC|up|92500.0|2026-09-01,deadline_1d,0.0,0.01,,0.001,,,
2026-09-01T01:20:27+00:00,C|BTC|up|95000.0,KXBTCMAXMON-BTC-26AUG31-9500000,"Will Bitcoin reach $95,000 in August?",BTC|up|95000.0|2026-08-31,BTC|up|95000.0|2026-09-01,deadline_1d,0.0,0.01,,0.001,,,
2026-09-01T01:20:27+00:00,C|BTC|up|85000.0,KXBTCMAXMON-BTC-26AUG31-8500000,"Will Bitcoin reach $85,000 on August 31?",BTC|up|85000.0|2026-08-31,BTC|up|85000.0|2026-09-01,deadline_1d,0.0,0.01,,0.006,,,
2026-09-01T01:20:27+00:00,C|BTC|down|55000.0,KXBTCMINY-27JAN01-55000.00,"Will Bitcoin dip to $55,000 by December 31, 2026?",BTC|down|55000.0|2027-01-01,BTC|down|55000.0|2026-12-31,deadline_1d,0.27,0.28,0.22,0.23,0.04,-0.06,0.04
2026-09-01T01:20:27+00:00,C|BTC|down|45000.0,KXBTCMINY-27JAN01-45000.00,"Will Bitcoin dip to $45,000 by December 31, 2026?",BTC|down|45000.0|2027-01-01,BTC|down|45000.0|2026-12-31,deadline_1d,0.14,0.15,0.08,0.09,0.05,-0.07,0.05
2026-09-01T01:20:27+00:00,C|BTC|down|50000.0,KXBTCMINY-27JAN01-50000.00,"Will Bitcoin dip to $50,000 by December 31, 2026?",BTC|down|50000.0|2027-01-01,BTC|down|50000.0|2026-12-31,deadline_1d,0.18,0.19,0.14,0.15,0.03,-0.05,0.03
2026-09-01T01:20:27+00:00,C|BTC|down|40000.0,KXBTCMINY-27JAN01-40000.00,"Will Bitcoin dip to $40,000 by December 31, 2026?",BTC|down|40000.0|2027-01-01,BTC|down|40000.0|2026-12-31,deadline_1d,0.09,0.1,0.05,0.07,0.02,-0.05,0.02
2026-09-01T01:20:27+00:00,C|SOL|down|70.0,KXSOLMINMON-SOL-26AUG31-7000,Will Solana dip to $70 in August?,SOL|down|70.0|2026-08-31,SOL|down|70.0|2026-09-01,deadline_1d,0.0,0.02,,0.001,,,
2026-09-01T01:20:27+00:00,C|SOL|down|60.0,KXSOLMINMON-SOL-26AUG31-6000,Will Solana dip to $60 in August?,SOL|down|60.0|2026-08-31,SOL|down|60.0|2026-09-01,deadline_1d,0.0,0.01,,0.001,,,
2026-09-01T01:20:27+00:00,C|SOL|down|50.0,KXSOLMINMON-SOL-26AUG31-5000,Will Solana dip to $50 in August?,SOL|down|50.0|2026-08-31,SOL|down|50.0|2026-09-01,deadline_1d,0.0,0.01,,0.001,,,
2026-09-01T01:20:27+00:00,C|SOL|down|40.0,KXSOLMINMON-SOL-26AUG31-4000,Will Solana dip to $40 in August?,SOL|down|40.0|2026-08-31,SOL|down|40.0|2026-09-01,deadline_1d,0.0,0.01,,0.001,,,
2026-09-01T01:20:27+00:00,C|ETH|down|1250.0,KXETHMINY-27JAN01-1250,"Will Ethereum dip to $1,250 by December 31, 2026?",ETH|down|1250.0|2027-01-01,ETH|down|1250.0|2026-12-31,deadline_1d,0.18,0.19,0.09,0.1,0.08,-0.1,0.08
2026-09-01T01:20:27+00:00,C|ETH|up|6000.0,KXETHMAXY-27JAN01-6000.00,"Will Ethereum reach $6,000 by December 31, 2026?",ETH|up|6000.0|2027-01-01,ETH|up|6000.0|2026-12-31,deadline_1d,0.03,0.04,0.031,0.043,-0.013,-0.009,-0.009
2026-09-01T01:20:27+00:00,C|ETH|up|5000.0,KXETHMAXY-27JAN01-5000.00,"Will Ethereum reach $5,000 by December 31, 2026?",ETH|up|5000.0|2027-01-01,ETH|up|5000.0|2026-12-31,deadline_1d,0.04,0.05,0.054,0.073,-0.033,0.004,0.004
2026-09-01T01:20:27+00:00,C|ETH|up|4500.0,KXETHMAXY-27JAN01-4500.00,"Will Ethereum reach $4,500 by December 31, 2026?",ETH|up|4500.0|2027-01-01,ETH|up|4500.0|2026-12-31,deadline_1d,0.07,0.12,0.08,0.1,-0.03,-0.04,-0.03
2026-09-01T01:20:27+00:00,C|ETH|up|4000.0,KXETHMAXY-27JAN01-4000.00,"Will Ethereum reach $4,000 by December 31, 2026?",ETH|up|4000.0|2027-01-01,ETH|up|4000.0|2026-12-31,deadline_1d,0.18,0.19,0.14,0.15,0.03,-0.05,0.03
2026-09-01T01:20:27+00:00,C|ETH|up|3500.0,KXETHMAXY-27JAN01-3500.00,"Will Ethereum reach $3,500 by December 31, 2026?",ETH|up|3500.0|2027-01-01,ETH|up|3500.0|2026-12-31,deadline_1d,0.23,0.24,0.25,0.27,-0.04,0.01,0.01
2026-09-01T01:20:27+00:00,C|ETH|down|1500.0,KXETHMINY-27JAN01-1500,"Will Ethereum dip to $1,500 by December 31, 2026?",ETH|down|1500.0|2027-01-01,ETH|down|1500.0|2026-12-31,deadline_1d,0.21,0.22,0.141,0.143,0.067,-0.079,0.067
2026-09-01T01:20:27+00:00,C|ETH|down|1000.0,KXETHMINY-27JAN01-1000,"Will Ethereum dip to $1,000 by December 31, 2026?",ETH|down|1000.0|2027-01-01,ETH|down|1000.0|2026-12-31,deadline_1d,0.07,0.08,0.06,0.07,0.0,-0.02,0.0
2026-09-01T01:20:27+00:00,C|SOL|down|50.0,KXSOLMINY-SOL-26DEC31-5000,"Will Solana dip to $50 by December 31, 2026?",SOL|down|50.0|2026-12-31,SOL|down|50.0|2026-12-31,exact,0.02,0.22,0.12,0.13,-0.11,-0.1,-0.1
2026-09-01T01:20:27+00:00,C|SOL|down|70.0,KXSOLMINY-SOL-26DEC31-7000,"Will Solana dip to $70 by December 31, 2026?",SOL|down|70.0|2026-12-31,SOL|down|70.0|2026-12-31,exact,0.34,0.53,0.31,0.35,-0.01,-0.22,-0.01
2026-09-01T01:20:27+00:00,C|SOL|up|300.0,KXSOLMAXY-27JAN01-300,"Will Solana reach $300 by December 31, 2026?",SOL|up|300.0|2027-01-01,SOL|up|300.0|2026-12-31,deadline_1d,0.05,0.11,0.028,0.048,0.002,-0.082,0.002
2026-09-01T01:20:27+00:00,C|SOL|up|200.0,KXSOLMAXY-27JAN01-200,"Will Solana reach $200 by December 31, 2026?",SOL|up|200.0|2027-01-01,SOL|up|200.0|2026-12-31,deadline_1d,0.14,0.22,0.1,0.11,0.03,-0.12,0.03
2026-09-01T01:20:27+00:00,C|SOL|up|180.0,KXSOLMAXY-27JAN01-180,"Will Solana reach $180 by December 31, 2026?",SOL|up|180.0|2027-01-01,SOL|up|180.0|2026-12-31,deadline_1d,0.13,0.25,0.13,0.14,-0.01,-0.12,-0.01
2026-09-01T01:20:27+00:00,C|SOL|up|160.0,KXSOLMAXY-27JAN01-160,"Will Solana reach $160 by December 31, 2026?",SOL|up|160.0|2027-01-01,SOL|up|160.0|2026-12-31,deadline_1d,0.3,0.37,0.24,0.25,0.05,-0.13,0.05
2026-09-01T01:20:27+00:00,C|SOL|down|60.0,KXSOLMINY-SOL-26DEC31-6000,"Will Solana dip to $60 by December 31, 2026?",SOL|down|60.0|2026-12-31,SOL|down|60.0|2026-12-31,exact,0.07,0.26,0.138,0.209,-0.139,-0.122,-0.122
2026-09-01T01:20:27+00:00,C|SOL|down|40.0,KXSOLMINY-SOL-26DEC31-4000,"Will Solana dip to $40 by December 31, 2026?",SOL|down|40.0|2026-12-31,SOL|down|40.0|2026-12-31,exact,0.11,0.18,0.07,0.08,0.03,-0.11,0.03
2026-09-01T01:20:27+00:00,F|cut|50plus|2026-10,KXFEDDECISION-26OCT-C26,Will the Fed decrease interest rates by 50+ bps after the October 2026 meeting?,FED|cut|50plus|2026-10,FED|cut|50plus|2026-10,equiv_25bp_grid,0.01,0.03,0.01,0.011,-0.001,-0.02,-0.001
2026-09-01T01:20:27+00:00,F|cut|25|2026-10,KXFEDDECISION-26OCT-C25,Will the Fed decrease interest rates by 25 bps after the October 2026 meeting?,FED|cut|25|2026-10,FED|cut|25|2026-10,exact,0.01,0.03,0.033,0.036,-0.026,0.003,0.003
2026-09-01T01:20:27+00:00,F|nochange|0|2026-10,KXFEDDECISION-26OCT-H0,Will there be no change in Fed interest rates after the October 2026 meeting?,FED|nochange|0|2026-10,FED|nochange|0|2026-10,exact,0.68,0.71,0.7,0.71,-0.03,-0.01,-0.01
2026-09-01T01:20:27+00:00,F|hike|25|2026-10,KXFEDDECISION-26OCT-H25,Will the Fed increase interest rates by 25 bps after the October 2026 meeting?,FED|hike|25|2026-10,FED|hike|25|2026-10,exact,0.26,0.27,0.26,0.27,-0.01,-0.01,-0.01
2026-09-01T01:20:27+00:00,F|hike|50plus|2026-10,KXFEDDECISION-26OCT-H26,Will the Fed increase interest rates by 50+ bps after the October 2026 meeting?,FED|hike|50plus|2026-10,FED|hike|50plus|2026-10,equiv_25bp_grid,0.01,0.02,0.007,0.008,0.002,-0.013,0.002
2026-09-01T01:20:27+00:00,F|cut|50plus|2026-12,KXFEDDECISION-26DEC-C26,Will the Fed decrease interest rates by 50+ bps after the December 2026 meeting?,FED|cut|50plus|2026-12,FED|cut|50plus|2026-12,equiv_25bp_grid,0.01,0.02,0.014,0.032,-0.022,-0.006,-0.006
2026-09-01T01:20:27+00:00,F|cut|25|2026-12,KXFEDDECISION-26DEC-C25,Will the Fed decrease interest rates by 25 bps after the December 2026 meeting?,FED|cut|25|2026-12,FED|cut|25|2026-12,exact,0.04,0.07,0.055,0.079,-0.039,-0.015,-0.015
2026-09-01T01:20:27+00:00,F|nochange|0|2026-12,KXFEDDECISION-26DEC-H0,Will there be no change in Fed interest rates after the December 2026 meeting?,FED|nochange|0|2026-12,FED|nochange|0|2026-12,exact,0.46,0.49,0.44,0.45,0.01,-0.05,0.01
2026-09-01T01:20:27+00:00,F|hike|25|2026-12,KXFEDDECISION-26DEC-H25,Will the Fed increase interest rates by 25 bps after the December 2026 meeting?,FED|hike|25|2026-12,FED|hike|25|2026-12,exact,0.46,0.47,0.47,0.49,-0.03,0.0,0.0
2026-09-01T01:20:27+00:00,F|hike|50plus|2026-12,KXFEDDECISION-26DEC-H26,Will the Fed increase interest rates by 50+ bps after the December 2026 meeting?,FED|hike|50plus|2026-12,FED|hike|50plus|2026-12,equiv_25bp_grid,0.01,0.03,0.012,0.03,-0.02,-0.018,-0.018
2026-09-01T01:20:27+00:00,C|DOGE|up|0.15,KXDOGEMAXMON-DOGE-26AUG31-015,Will Dogecoin reach $0.15 in August?,DOGE|up|0.15|2026-08-31,DOGE|up|0.15|2026-09-01,deadline_1d,0.0,0.02,0.001,0.002,,-0.019,-0.019
2026-09-01T01:20:27+00:00,C|DOGE|up|0.1,KXDOGEMAXMON-DOGE-26AUG31-010,Will Dogecoin reach $0.10 in August?,DOGE|up|0.1|2026-08-31,DOGE|up|0.1|2026-09-01,deadline_1d,0.19,0.27,0.999,1.0,-0.81,0.729,0.729
2026-09-01T01:20:27+00:00,C|ETH|up|4000.0,KXETHMAXY-27JAN01-4000.00,"Will Ethereum hit $4k by December 31, 2026?",ETH|up|4000.0|2027-01-01,ETH|up|4000.0|2026-12-31,deadline_1d,0.18,0.19,0.13,0.17,0.01,-0.06,0.01
2026-09-01T01:20:27+00:00,F|cut|50plus|2027-01,KXFEDDECISION-27JAN-C26,Will the Fed decrease interest rates by 50+ bps after the January 2027 meeting?,FED|cut|50plus|2027-01,FED|cut|50plus|2027-01,equiv_25bp_grid,0.02,0.04,0.037,0.055,-0.035,-0.003,-0.003
2026-09-01T01:20:27+00:00,F|cut|25|2027-01,KXFEDDECISION-27JAN-C25,Will the Fed decrease interest rates by 25 bps after the January 2027 meeting?,FED|cut|25|2027-01,FED|cut|25|2027-01,exact,0.13,0.15,0.14,0.15,-0.02,-0.01,-0.01
2026-09-01T01:20:27+00:00,F|nochange|0|2027-01,KXFEDDECISION-27JAN-H0,Will there be no change in Fed interest rates after the January 2027 meeting?,FED|nochange|0|2027-01,FED|nochange|0|2027-01,exact,0.57,0.6,0.6,0.61,-0.04,0.0,0.0
2026-09-01T01:20:27+00:00,F|hike|25|2027-01,KXFEDDECISION-27JAN-H25,Will the Fed increase interest rates by 25 bps after the January 2027 meeting?,FED|hike|25|2027-01,FED|hike|25|2027-01,exact,0.2,0.21,0.21,0.22,-0.02,0.0,0.0
2026-09-01T01:20:27+00:00,F|hike|50plus|2027-01,KXFEDDECISION-27JAN-H26,Will the Fed increase interest rates by 50+ bps after the January 2027 meeting?,FED|hike|50plus|2027-01,FED|hike|50plus|2027-01,equiv_25bp_grid,0.03,0.09,0.018,0.03,0.0,-0.072,0.0
2026-09-01T01:20:27+00:00,C|XRP|up|6.0,KXXRPMAXY-XRP-26DEC31-600,"Will XRP reach $6.00 by December 31, 2026?",XRP|up|6.0|2026-12-31,XRP|up|6.0|2026-12-31,exact,0.04,0.1,0.02,0.033,0.007,-0.08,0.007
2026-09-01T01:20:27+00:00,C|XRP|up|5.0,KXXRPMAXY-XRP-26DEC31-500,"Will XRP reach $5.00 by December 31, 2026?",XRP|up|5.0|2026-12-31,XRP|up|5.0|2026-12-31,exact,0.08,0.11,0.026,0.052,0.028,-0.084,0.028
2026-09-01T01:20:27+00:00,C|XRP|up|4.0,KXXRPMAXY-XRP-26DEC31-400,"Will XRP reach $4.00 by December 31, 2026?",XRP|up|4.0|2026-12-31,XRP|up|4.0|2026-12-31,exact,0.1,0.15,0.042,0.046,0.054,-0.108,0.054
2026-09-01T01:20:27+00:00,C|XRP|up|3.0,KXXRPMAXY-XRP-26DEC31-300,"Will XRP reach $3.00 by December 31, 2026?",XRP|up|3.0|2026-12-31,XRP|up|3.0|2026-12-31,exact,0.18,0.24,0.034,0.062,0.118,-0.206,0.118
